benchmark,strategy,test_case,score,latency_ms,context_chars,context_size,expected,expected_topics,fact_id,fact_position,num_documents,num_paragraphs,position,position_set,source_doc,task_type
needle_in_haystack,raw_gpt-oss-120b,needle_start_7392,1.0,568.8316250016214,4432,,7392,,,,,20,start,,,
needle_in_haystack,raw_gpt-oss-120b,needle_pos_0.25_7392,1.0,353.6697080126032,4287,,7392,,,,,20,0.25,,,
needle_in_haystack,raw_gpt-oss-120b,needle_middle_7392,1.0,370.7853750092909,4287,,7392,,,,,20,middle,,,
needle_in_haystack,raw_gpt-oss-120b,needle_pos_0.75_7392,1.0,527.2045840101782,4267,,7392,,,,,20,0.75,,,
needle_in_haystack,raw_gpt-oss-120b,needle_end_7392,1.0,361.703626011149,4317,,7392,,,,,20,end,,,
needle_in_haystack,raw_gpt-oss-120b,needle_start_15 de març,1.0,438.89737500285264,4282,,15 de março às 14h,,,,,20,start,,,
needle_in_haystack,raw_gpt-oss-120b,needle_pos_0.25_15 de març,1.0,1343.3794169977773,4254,,15 de março às 14h,,,,,20,0.25,,,
needle_in_haystack,raw_gpt-oss-120b,needle_middle_15 de març,1.0,582.2667080065003,4381,,15 de março às 14h,,,,,20,middle,,,
needle_in_haystack,raw_gpt-oss-120b,needle_pos_0.75_15 de març,1.0,437.49108399788383,4328,,15 de março às 14h,,,,,20,0.75,,,
needle_in_haystack,raw_gpt-oss-120b,needle_end_15 de març,1.0,7539.572170004249,4306,,15 de março às 14h,,,,,20,end,,,
needle_in_haystack,raw_gpt-oss-120b,needle_start_Operação F,1.0,6632.548002991825,4299,,Operação Fênix,,,,,20,start,,,
needle_in_haystack,raw_gpt-oss-120b,needle_pos_0.25_Operação F,1.0,7838.476461998653,4291,,Operação Fênix,,,,,20,0.25,,,
needle_in_haystack,raw_gpt-oss-120b,needle_middle_Operação F,1.0,6502.106127998559,4277,,Operação Fênix,,,,,20,middle,,,
needle_in_haystack,raw_gpt-oss-120b,needle_pos_0.75_Operação F,1.0,7642.189670994412,4334,,Operação Fênix,,,,,20,0.75,,,
needle_in_haystack,raw_gpt-oss-120b,needle_end_Operação F,1.0,8503.604003999499,4364,,Operação Fênix,,,,,20,end,,,
needle_in_haystack,sliding_window_gpt-oss-120b,needle_start_7392,1.0,6564.343712001573,4230,,7392,,,,,20,start,,,
needle_in_haystack,sliding_window_gpt-oss-120b,needle_pos_0.25_7392,0.0,7669.437461998314,4305,,7392,,,,,20,0.25,,,
needle_in_haystack,sliding_window_gpt-oss-120b,needle_middle_7392,0.0,7674.050169996917,4334,,7392,,,,,20,middle,,,
needle_in_haystack,sliding_window_gpt-oss-120b,needle_pos_0.75_7392,1.0,8439.931586995954,4397,,7392,,,,,20,0.75,,,
needle_in_haystack,sliding_window_gpt-oss-120b,needle_end_7392,1.0,7595.972919996711,4363,,7392,,,,,20,end,,,
needle_in_haystack,sliding_window_gpt-oss-120b,needle_start_15 de març,1.0,7652.752462003264,4391,,15 de março às 14h,,,,,20,start,,,
needle_in_haystack,sliding_window_gpt-oss-120b,needle_pos_0.25_15 de març,1.0,7636.1031710112,4331,,15 de março às 14h,,,,,20,0.25,,,
needle_in_haystack,sliding_window_gpt-oss-120b,needle_middle_15 de març,1.0,8817.442253988702,4267,,15 de março às 14h,,,,,20,middle,,,
needle_in_haystack,sliding_window_gpt-oss-120b,needle_pos_0.75_15 de març,1.0,7597.762211997178,4196,,15 de março às 14h,,,,,20,0.75,,,
needle_in_haystack,sliding_window_gpt-oss-120b,needle_end_15 de març,1.0,7689.215878010145,4167,,15 de março às 14h,,,,,20,end,,,
needle_in_haystack,sliding_window_gpt-oss-120b,needle_start_Operação F,1.0,7515.32871100062,4338,,Operação Fênix,,,,,20,start,,,
needle_in_haystack,sliding_window_gpt-oss-120b,needle_pos_0.25_Operação F,1.0,7525.957628007745,4312,,Operação Fênix,,,,,20,0.25,,,
needle_in_haystack,sliding_window_gpt-oss-120b,needle_middle_Operação F,1.0,7691.6974199994,4130,,Operação Fênix,,,,,20,middle,,,
needle_in_haystack,sliding_window_gpt-oss-120b,needle_pos_0.75_Operação F,1.0,7491.856252992875,4282,,Operação Fênix,,,,,20,0.75,,,
needle_in_haystack,sliding_window_gpt-oss-120b,needle_end_Operação F,1.0,7663.41154499969,4166,,Operação Fênix,,,,,20,end,,,
needle_in_haystack,parallel_window_gpt-oss-120b,needle_start_7392,1.0,7903.653504006797,4247,,7392,,,,,20,start,,,
needle_in_haystack,parallel_window_gpt-oss-120b,needle_pos_0.25_7392,1.0,5454.776169004617,4248,,7392,,,,,20,0.25,,,
needle_in_haystack,parallel_window_gpt-oss-120b,needle_middle_7392,1.0,7612.126502994215,4434,,7392,,,,,20,middle,,,
needle_in_haystack,parallel_window_gpt-oss-120b,needle_pos_0.75_7392,1.0,6456.714002997614,4275,,7392,,,,,20,0.75,,,
needle_in_haystack,parallel_window_gpt-oss-120b,needle_end_7392,1.0,7547.5112949934555,4229,,7392,,,,,20,end,,,
needle_in_haystack,parallel_window_gpt-oss-120b,needle_start_15 de març,1.0,6598.301878009806,4140,,15 de março às 14h,,,,,20,start,,,
needle_in_haystack,parallel_window_gpt-oss-120b,needle_pos_0.25_15 de març,1.0,7708.891628004494,4311,,15 de março às 14h,,,,,20,0.25,,,
needle_in_haystack,parallel_window_gpt-oss-120b,needle_middle_15 de març,1.0,7640.258837011061,4179,,15 de março às 14h,,,,,20,middle,,,
needle_in_haystack,parallel_window_gpt-oss-120b,needle_pos_0.75_15 de març,1.0,8284.17167000589,4274,,15 de março às 14h,,,,,20,0.75,,,
needle_in_haystack,parallel_window_gpt-oss-120b,needle_end_15 de març,1.0,7145.127420008066,4422,,15 de março às 14h,,,,,20,end,,,
needle_in_haystack,parallel_window_gpt-oss-120b,needle_start_Operação F,1.0,6567.9058370005805,4307,,Operação Fênix,,,,,20,start,,,
needle_in_haystack,parallel_window_gpt-oss-120b,needle_pos_0.25_Operação F,1.0,7588.634337007534,4106,,Operação Fênix,,,,,20,0.25,,,
needle_in_haystack,parallel_window_gpt-oss-120b,needle_middle_Operação F,1.0,6542.330793992733,4341,,Operação Fênix,,,,,20,middle,,,
needle_in_haystack,parallel_window_gpt-oss-120b,needle_pos_0.75_Operação F,1.0,7612.135962001048,4384,,Operação Fênix,,,,,20,0.75,,,
needle_in_haystack,parallel_window_gpt-oss-120b,needle_end_Operação F,1.0,6812.482460998581,4127,,Operação Fênix,,,,,20,end,,,
needle_in_haystack,semantic_compression_gpt-oss-120b,needle_start_7392,1.0,13284.244713999215,4296,,7392,,,,,20,start,,,
needle_in_haystack,semantic_compression_gpt-oss-120b,needle_pos_0.25_7392,1.0,19011.32459100336,4214,,7392,,,,,20,0.25,,,
needle_in_haystack,semantic_compression_gpt-oss-120b,needle_middle_7392,1.0,10997.754088995862,4264,,7392,,,,,20,middle,,,
needle_in_haystack,semantic_compression_gpt-oss-120b,needle_pos_0.75_7392,1.0,16893.266882005264,4322,,7392,,,,,20,0.75,,,
needle_in_haystack,semantic_compression_gpt-oss-120b,needle_end_7392,1.0,15702.841674006777,4221,,7392,,,,,20,end,,,
needle_in_haystack,semantic_compression_gpt-oss-120b,needle_start_15 de març,1.0,17643.334674008656,4148,,15 de março às 14h,,,,,20,start,,,
needle_in_haystack,semantic_compression_gpt-oss-120b,needle_pos_0.25_15 de març,1.0,18719.92846801004,4291,,15 de março às 14h,,,,,20,0.25,,,
needle_in_haystack,semantic_compression_gpt-oss-120b,needle_middle_15 de març,1.0,15264.276547997724,4252,,15 de março às 14h,,,,,20,middle,,,
needle_in_haystack,semantic_compression_gpt-oss-120b,needle_pos_0.75_15 de març,1.0,18764.80896701105,4385,,15 de março às 14h,,,,,20,0.75,,,
needle_in_haystack,semantic_compression_gpt-oss-120b,needle_end_15 de març,1.0,12706.72513100726,4249,,15 de março às 14h,,,,,20,end,,,
needle_in_haystack,semantic_compression_gpt-oss-120b,needle_start_Operação F,1.0,15442.291424013092,4155,,Operação Fênix,,,,,20,start,,,
needle_in_haystack,semantic_compression_gpt-oss-120b,needle_pos_0.25_Operação F,1.0,14739.87879899505,4292,,Operação Fênix,,,,,20,0.25,,,
needle_in_haystack,semantic_compression_gpt-oss-120b,needle_middle_Operação F,1.0,25331.34876099939,4355,,Operação Fênix,,,,,20,middle,,,
needle_in_haystack,semantic_compression_gpt-oss-120b,needle_pos_0.75_Operação F,1.0,16100.17009099829,4266,,Operação Fênix,,,,,20,0.75,,,
needle_in_haystack,semantic_compression_gpt-oss-120b,needle_end_Operação F,1.0,15438.830881990725,4232,,Operação Fênix,,,,,20,end,,,
needle_in_haystack,rig_gpt-oss-120b,needle_start_7392,1.0,7191.247711991309,4258,,7392,,,,,20,start,,,
needle_in_haystack,rig_gpt-oss-120b,needle_pos_0.25_7392,1.0,7100.532252996345,4270,,7392,,,,,20,0.25,,,
needle_in_haystack,rig_gpt-oss-120b,needle_middle_7392,1.0,7086.554003006313,4415,,7392,,,,,20,middle,,,
needle_in_haystack,rig_gpt-oss-120b,needle_pos_0.75_7392,1.0,6800.298543996178,4511,,7392,,,,,20,0.75,,,
needle_in_haystack,rig_gpt-oss-120b,needle_end_7392,1.0,7704.292420006823,4249,,7392,,,,,20,end,,,
needle_in_haystack,rig_gpt-oss-120b,needle_start_15 de març,0.8,6742.843294006889,4210,,15 de março às 14h,,,,,20,start,,,
needle_in_haystack,rig_gpt-oss-120b,needle_pos_0.25_15 de març,1.0,7825.82421200641,4114,,15 de março às 14h,,,,,20,0.25,,,
needle_in_haystack,rig_gpt-oss-120b,needle_middle_15 de març,1.0,6911.265543996706,4316,,15 de março às 14h,,,,,20,middle,,,
needle_in_haystack,rig_gpt-oss-120b,needle_pos_0.75_15 de març,1.0,7824.426628998481,4290,,15 de março às 14h,,,,,20,0.75,,,
needle_in_haystack,rig_gpt-oss-120b,needle_end_15 de març,1.0,6846.6460869967705,4358,,15 de março às 14h,,,,,20,end,,,
needle_in_haystack,rig_gpt-oss-120b,needle_start_Operação F,1.0,8108.695254006307,4318,,Operação Fênix,,,,,20,start,,,
needle_in_haystack,rig_gpt-oss-120b,needle_pos_0.25_Operação F,1.0,6780.337378004333,4180,,Operação Fênix,,,,,20,0.25,,,
needle_in_haystack,rig_gpt-oss-120b,needle_middle_Operação F,1.0,6777.787794999313,4344,,Operação Fênix,,,,,20,middle,,,
needle_in_haystack,rig_gpt-oss-120b,needle_pos_0.75_Operação F,1.0,7632.751087003271,4248,,Operação Fênix,,,,,20,0.75,,,
needle_in_haystack,rig_gpt-oss-120b,needle_end_Operação F,1.0,6743.946712012985,4182,,Operação Fênix,,,,,20,end,,,
needle_in_haystack,raw_gpt-oss-20b,needle_start_7392,1.0,358.52254199562594,4399,,7392,,,,,20,start,,,
needle_in_haystack,raw_gpt-oss-20b,needle_pos_0.25_7392,1.0,310.0425829907181,4166,,7392,,,,,20,0.25,,,
needle_in_haystack,raw_gpt-oss-20b,needle_middle_7392,1.0,308.15604199597146,4252,,7392,,,,,20,middle,,,
needle_in_haystack,raw_gpt-oss-20b,needle_pos_0.75_7392,1.0,366.9377909973264,4340,,7392,,,,,20,0.75,,,
needle_in_haystack,raw_gpt-oss-20b,needle_end_7392,1.0,337.67520799301565,4219,,7392,,,,,20,end,,,
needle_in_haystack,raw_gpt-oss-20b,needle_start_15 de març,1.0,296.80254199774936,4295,,15 de março às 14h,,,,,20,start,,,
needle_in_haystack,raw_gpt-oss-20b,needle_pos_0.25_15 de març,1.0,302.2997509979177,4363,,15 de março às 14h,,,,,20,0.25,,,
needle_in_haystack,raw_gpt-oss-20b,needle_middle_15 de març,1.0,305.6504580017645,4314,,15 de março às 14h,,,,,20,middle,,,
needle_in_haystack,raw_gpt-oss-20b,needle_pos_0.75_15 de març,1.0,2444.523375001154,4214,,15 de março às 14h,,,,,20,0.75,,,
needle_in_haystack,raw_gpt-oss-20b,needle_end_15 de març,1.0,6390.566002999549,4335,,15 de março às 14h,,,,,20,end,,,
needle_in_haystack,raw_gpt-oss-20b,needle_start_Operação F,1.0,7395.206629007589,4377,,Operação Fênix,,,,,20,start,,,
needle_in_haystack,raw_gpt-oss-20b,needle_pos_0.25_Operação F,1.0,7482.478086996707,4336,,Operação Fênix,,,,,20,0.25,,,
needle_in_haystack,raw_gpt-oss-20b,needle_middle_Operação F,1.0,6585.400127994944,4238,,Operação Fênix,,,,,20,middle,,,
needle_in_haystack,raw_gpt-oss-20b,needle_pos_0.75_Operação F,1.0,7385.905877992627,4310,,Operação Fênix,,,,,20,0.75,,,
needle_in_haystack,raw_gpt-oss-20b,needle_end_Operação F,1.0,6756.410920002963,4378,,Operação Fênix,,,,,20,end,,,
needle_in_haystack,sliding_window_gpt-oss-20b,needle_start_7392,1.0,7611.9893369905185,4374,,7392,,,,,20,start,,,
needle_in_haystack,sliding_window_gpt-oss-20b,needle_pos_0.25_7392,1.0,7521.632545001921,4141,,7392,,,,,20,0.25,,,
needle_in_haystack,sliding_window_gpt-oss-20b,needle_middle_7392,1.0,7409.805128001608,4221,,7392,,,,,20,middle,,,
needle_in_haystack,sliding_window_gpt-oss-20b,needle_pos_0.75_7392,1.0,7452.026377999573,4378,,7392,,,,,20,0.75,,,
needle_in_haystack,sliding_window_gpt-oss-20b,needle_end_7392,1.0,7592.327211998054,4271,,7392,,,,,20,end,,,
needle_in_haystack,sliding_window_gpt-oss-20b,needle_start_15 de març,1.0,7504.799337009899,4262,,15 de março às 14h,,,,,20,start,,,
needle_in_haystack,sliding_window_gpt-oss-20b,needle_pos_0.25_15 de març,1.0,8428.398253992782,4362,,15 de março às 14h,,,,,20,0.25,,,
needle_in_haystack,sliding_window_gpt-oss-20b,needle_middle_15 de març,1.0,7600.323295002454,4197,,15 de março às 14h,,,,,20,middle,,,
needle_in_haystack,sliding_window_gpt-oss-20b,needle_pos_0.75_15 de març,1.0,7574.264545008191,4416,,15 de março às 14h,,,,,20,0.75,,,
needle_in_haystack,sliding_window_gpt-oss-20b,needle_end_15 de març,1.0,7392.002795008011,4400,,15 de março às 14h,,,,,20,end,,,
needle_in_haystack,sliding_window_gpt-oss-20b,needle_start_Operação F,1.0,7457.614752987865,4206,,Operação Fênix,,,,,20,start,,,
needle_in_haystack,sliding_window_gpt-oss-20b,needle_pos_0.25_Operação F,1.0,7415.6786289968295,4226,,Operação Fênix,,,,,20,0.25,,,
needle_in_haystack,sliding_window_gpt-oss-20b,needle_middle_Operação F,1.0,7397.150461998535,4265,,Operação Fênix,,,,,20,middle,,,
needle_in_haystack,sliding_window_gpt-oss-20b,needle_pos_0.75_Operação F,1.0,7484.833045004052,4234,,Operação Fênix,,,,,20,0.75,,,
needle_in_haystack,sliding_window_gpt-oss-20b,needle_end_Operação F,1.0,7399.999461005791,4303,,Operação Fênix,,,,,20,end,,,
needle_in_haystack,parallel_window_gpt-oss-20b,needle_start_7392,1.0,7468.1688790005865,4262,,7392,,,,,20,start,,,
needle_in_haystack,parallel_window_gpt-oss-20b,needle_pos_0.25_7392,1.0,6656.844461002038,4312,,7392,,,,,20,0.25,,,
needle_in_haystack,parallel_window_gpt-oss-20b,needle_middle_7392,1.0,7420.528211994679,4187,,7392,,,,,20,middle,,,
needle_in_haystack,parallel_window_gpt-oss-20b,needle_pos_0.75_7392,1.0,6605.632795006386,4329,,7392,,,,,20,0.75,,,
needle_in_haystack,parallel_window_gpt-oss-20b,needle_end_7392,1.0,7519.502212002408,4244,,7392,,,,,20,end,,,
needle_in_haystack,parallel_window_gpt-oss-20b,needle_start_15 de març,1.0,7402.210211992497,4207,,15 de março às 14h,,,,,20,start,,,
needle_in_haystack,parallel_window_gpt-oss-20b,needle_pos_0.25_15 de març,1.0,7463.384086993756,4250,,15 de março às 14h,,,,,20,0.25,,,
needle_in_haystack,parallel_window_gpt-oss-20b,needle_middle_15 de març,1.0,7412.033795000752,4405,,15 de março às 14h,,,,,20,middle,,,
needle_in_haystack,parallel_window_gpt-oss-20b,needle_pos_0.75_15 de març,1.0,6554.050336999353,4327,,15 de março às 14h,,,,,20,0.75,,,
needle_in_haystack,parallel_window_gpt-oss-20b,needle_end_15 de març,1.0,7434.848962002434,4310,,15 de março às 14h,,,,,20,end,,,
needle_in_haystack,parallel_window_gpt-oss-20b,needle_start_Operação F,1.0,6418.803545006085,4296,,Operação Fênix,,,,,20,start,,,
needle_in_haystack,parallel_window_gpt-oss-20b,needle_pos_0.25_Operação F,1.0,7390.8022940013325,4320,,Operação Fênix,,,,,20,0.25,,,
needle_in_haystack,parallel_window_gpt-oss-20b,needle_middle_Operação F,1.0,6612.87354498927,4218,,Operação Fênix,,,,,20,middle,,,
needle_in_haystack,parallel_window_gpt-oss-20b,needle_pos_0.75_Operação F,1.0,7423.813296001754,4285,,Operação Fênix,,,,,20,0.75,,,
needle_in_haystack,parallel_window_gpt-oss-20b,needle_end_Operação F,1.0,7482.456628000364,4255,,Operação Fênix,,,,,20,end,,,
needle_in_haystack,semantic_compression_gpt-oss-20b,needle_start_7392,1.0,18787.46396698989,4338,,7392,,,,,20,start,,,
needle_in_haystack,semantic_compression_gpt-oss-20b,needle_pos_0.25_7392,0.0,13914.211923009134,4309,,7392,,,,,20,0.25,,,
needle_in_haystack,semantic_compression_gpt-oss-20b,needle_middle_7392,1.0,12409.0488810034,4306,,7392,,,,,20,middle,,,
needle_in_haystack,semantic_compression_gpt-oss-20b,needle_pos_0.75_7392,0.0,13767.227257005288,4389,,7392,,,,,20,0.75,,,
needle_in_haystack,semantic_compression_gpt-oss-20b,needle_end_7392,1.0,14164.500505998149,4237,,7392,,,,,20,end,,,
needle_in_haystack,semantic_compression_gpt-oss-20b,needle_start_15 de març,1.0,14816.528631999972,4294,,15 de março às 14h,,,,,20,start,,,
needle_in_haystack,semantic_compression_gpt-oss-20b,needle_pos_0.25_15 de març,1.0,13740.509215000202,4243,,15 de março às 14h,,,,,20,0.25,,,
needle_in_haystack,semantic_compression_gpt-oss-20b,needle_middle_15 de març,1.0,13739.026715004002,4312,,15 de março às 14h,,,,,20,middle,,,
needle_in_haystack,semantic_compression_gpt-oss-20b,needle_pos_0.75_15 de març,0.0,12592.762505999417,4185,,15 de março às 14h,,,,,20,0.75,,,
needle_in_haystack,semantic_compression_gpt-oss-20b,needle_end_15 de març,1.0,13645.834214999923,4281,,15 de março às 14h,,,,,20,end,,,
needle_in_haystack,semantic_compression_gpt-oss-20b,needle_start_Operação F,1.0,14308.180715001072,4414,,Operação Fênix,,,,,20,start,,,
needle_in_haystack,semantic_compression_gpt-oss-20b,needle_pos_0.25_Operação F,1.0,13987.232422994566,4342,,Operação Fênix,,,,,20,0.25,,,
needle_in_haystack,semantic_compression_gpt-oss-20b,needle_middle_Operação F,1.0,14808.038631992531,4391,,Operação Fênix,,,,,20,middle,,,
needle_in_haystack,semantic_compression_gpt-oss-20b,needle_pos_0.75_Operação F,1.0,19434.41867599904,4238,,Operação Fênix,,,,,20,0.75,,,
needle_in_haystack,semantic_compression_gpt-oss-20b,needle_end_Operação F,1.0,13594.678338995436,4320,,Operação Fênix,,,,,20,end,,,
needle_in_haystack,rig_gpt-oss-20b,needle_start_7392,1.0,7419.482544995844,4316,,7392,,,,,20,start,,,
needle_in_haystack,rig_gpt-oss-20b,needle_pos_0.25_7392,1.0,6586.942586000077,4221,,7392,,,,,20,0.25,,,
needle_in_haystack,rig_gpt-oss-20b,needle_middle_7392,1.0,6654.836378002074,4295,,7392,,,,,20,middle,,,
needle_in_haystack,rig_gpt-oss-20b,needle_pos_0.75_7392,1.0,7737.825962001807,4288,,7392,,,,,20,0.75,,,
needle_in_haystack,rig_gpt-oss-20b,needle_end_7392,1.0,7874.677211992093,4245,,7392,,,,,20,end,,,
needle_in_haystack,rig_gpt-oss-20b,needle_start_15 de març,1.0,6613.504711000132,4226,,15 de março às 14h,,,,,20,start,,,
needle_in_haystack,rig_gpt-oss-20b,needle_pos_0.25_15 de març,1.0,6607.448212002055,4196,,15 de março às 14h,,,,,20,0.25,,,
needle_in_haystack,rig_gpt-oss-20b,needle_middle_15 de març,1.0,7701.313002995448,4236,,15 de março às 14h,,,,,20,middle,,,
needle_in_haystack,rig_gpt-oss-20b,needle_pos_0.75_15 de març,1.0,6595.687043998623,4144,,15 de março às 14h,,,,,20,0.75,,,
needle_in_haystack,rig_gpt-oss-20b,needle_end_15 de març,1.0,6629.877670013229,4334,,15 de março às 14h,,,,,20,end,,,
needle_in_haystack,rig_gpt-oss-20b,needle_start_Operação F,1.0,7713.687711991952,4217,,Operação Fênix,,,,,20,start,,,
needle_in_haystack,rig_gpt-oss-20b,needle_pos_0.25_Operação F,1.0,6608.958753000479,4231,,Operação Fênix,,,,,20,0.25,,,
needle_in_haystack,rig_gpt-oss-20b,needle_middle_Operação F,1.0,6667.267419004929,4336,,Operação Fênix,,,,,20,middle,,,
needle_in_haystack,rig_gpt-oss-20b,needle_pos_0.75_Operação F,1.0,7687.91808700189,4279,,Operação Fênix,,,,,20,0.75,,,
needle_in_haystack,rig_gpt-oss-20b,needle_end_Operação F,1.0,6659.773585997755,4146,,Operação Fênix,,,,,20,end,,,
ruler,raw_gpt-oss-120b,ruler_size10_pos0.10_0.50_0.90_fact1,0.0,432.50537500716746,740,10,90.69,,1,0.1,,,,"[0.1, 0.5, 0.9]",,
ruler,raw_gpt-oss-120b,ruler_size10_pos0.10_0.50_0.90_fact2,1.0,298.66495900205337,740,10,KEY-4611-BETA,,2,0.5,,,,"[0.1, 0.5, 0.9]",,
ruler,raw_gpt-oss-120b,ruler_size10_pos0.10_0.50_0.90_fact3,1.0,300.17341699567623,740,10,36.00,,3,0.9,,,,"[0.1, 0.5, 0.9]",,
ruler,raw_gpt-oss-120b,ruler_size10_pos0.20_0.40_0.60_fact1,1.0,387.7634160016896,742,10,KEY-9785-ALPHA,,1,0.2,,,,"[0.2, 0.4, 0.6]",,
ruler,raw_gpt-oss-120b,ruler_size10_pos0.20_0.40_0.60_fact2,1.0,392.16662500984967,742,10,KEY-2291-GAMMA,,2,0.4,,,,"[0.2, 0.4, 0.6]",,
ruler,raw_gpt-oss-120b,ruler_size10_pos0.20_0.40_0.60_fact3,1.0,310.71004099794663,742,10,KEY-6925-GAMMA,,3,0.6,,,,"[0.2, 0.4, 0.6]",,
ruler,raw_gpt-oss-120b,ruler_size10_pos0.05_0.15_0.95_fact1,1.0,383.05037599639036,712,10,KEY-2169-GAMMA,,1,0.05,,,,"[0.05, 0.15, 0.95]",,
ruler,raw_gpt-oss-120b,ruler_size10_pos0.05_0.15_0.95_fact2,1.0,275.1676670013694,712,10,22.68,,2,0.15,,,,"[0.05, 0.15, 0.95]",,
ruler,raw_gpt-oss-120b,ruler_size10_pos0.05_0.15_0.95_fact3,0.0,302.04941699048504,712,10,32.20,,3,0.95,,,,"[0.05, 0.15, 0.95]",,
ruler,raw_gpt-oss-120b,ruler_size10_pos0.45_0.50_0.55_fact1,0.0,294.98291699565016,715,10,64.50,,1,0.45,,,,"[0.45, 0.5, 0.55]",,
ruler,raw_gpt-oss-120b,ruler_size10_pos0.45_0.50_0.55_fact2,0.0,297.98229099833407,715,10,59.18,,2,0.5,,,,"[0.45, 0.5, 0.55]",,
ruler,raw_gpt-oss-120b,ruler_size10_pos0.45_0.50_0.55_fact3,1.0,455.3189169964753,715,10,KEY-3287-ALPHA,,3,0.55,,,,"[0.45, 0.5, 0.55]",,
ruler,raw_gpt-oss-120b,ruler_size25_pos0.10_0.50_0.90_fact1,1.0,357.3902089992771,1625,25,KEY-3646-GAMMA,,1,0.1,,,,"[0.1, 0.5, 0.9]",,
ruler,raw_gpt-oss-120b,ruler_size25_pos0.10_0.50_0.90_fact2,0.0,376.21966599544976,1625,25,1.76,,2,0.5,,,,"[0.1, 0.5, 0.9]",,
ruler,raw_gpt-oss-120b,ruler_size25_pos0.10_0.50_0.90_fact3,1.0,400.8289580087876,1625,25,KEY-9005-ALPHA,,3,0.9,,,,"[0.1, 0.5, 0.9]",,
ruler,raw_gpt-oss-120b,ruler_size25_pos0.20_0.40_0.60_fact1,1.0,402.49637499800883,1627,25,KEY-2160-GAMMA,,1,0.2,,,,"[0.2, 0.4, 0.6]",,
ruler,raw_gpt-oss-120b,ruler_size25_pos0.20_0.40_0.60_fact2,1.0,358.71058399789035,1627,25,ID-46500,,2,0.4,,,,"[0.2, 0.4, 0.6]",,
ruler,raw_gpt-oss-120b,ruler_size25_pos0.20_0.40_0.60_fact3,0.0,412.52199999871664,1627,25,63.27,,3,0.6,,,,"[0.2, 0.4, 0.6]",,
ruler,raw_gpt-oss-120b,ruler_size25_pos0.05_0.15_0.95_fact1,1.0,353.0742089933483,1595,25,KEY-1960-ALPHA,,1,0.05,,,,"[0.05, 0.15, 0.95]",,
ruler,raw_gpt-oss-120b,ruler_size25_pos0.05_0.15_0.95_fact2,1.0,1026.0974590055412,1595,25,KEY-1035-BETA,,2,0.15,,,,"[0.05, 0.15, 0.95]",,
ruler,raw_gpt-oss-120b,ruler_size25_pos0.05_0.15_0.95_fact3,1.0,356.68966700905,1595,25,KEY-8454-BETA,,3,0.95,,,,"[0.05, 0.15, 0.95]",,
ruler,raw_gpt-oss-120b,ruler_size25_pos0.45_0.50_0.55_fact1,1.0,360.97433300164994,1618,25,ID-11220,,1,0.45,,,,"[0.45, 0.5, 0.55]",,
ruler,raw_gpt-oss-120b,ruler_size25_pos0.45_0.50_0.55_fact2,1.0,4383.245377001003,1618,25,KEY-2638-ALPHA,,2,0.5,,,,"[0.45, 0.5, 0.55]",,
ruler,raw_gpt-oss-120b,ruler_size25_pos0.45_0.50_0.55_fact3,0.0,4628.140834000078,1618,25,28.64,,3,0.55,,,,"[0.45, 0.5, 0.55]",,
ruler,raw_gpt-oss-120b,ruler_size50_pos0.10_0.50_0.90_fact1,0.0,5536.435086003621,3115,50,14.48,,1,0.1,,,,"[0.1, 0.5, 0.9]",,
ruler,raw_gpt-oss-120b,ruler_size50_pos0.10_0.50_0.90_fact2,1.0,6752.461919997586,3115,50,ID-71694,,2,0.5,,,,"[0.1, 0.5, 0.9]",,
ruler,raw_gpt-oss-120b,ruler_size50_pos0.10_0.50_0.90_fact3,1.0,6490.068045008229,3115,50,ID-36158,,3,0.9,,,,"[0.1, 0.5, 0.9]",,
ruler,raw_gpt-oss-120b,ruler_size50_pos0.20_0.40_0.60_fact1,0.0,573.9113750023535,2985,50,99.09,,1,0.2,,,,"[0.2, 0.4, 0.6]",,
ruler,raw_gpt-oss-120b,ruler_size50_pos0.20_0.40_0.60_fact2,1.0,6475.334503003978,2985,50,KEY-7790-GAMMA,,2,0.4,,,,"[0.2, 0.4, 0.6]",,
ruler,raw_gpt-oss-120b,ruler_size50_pos0.20_0.40_0.60_fact3,0.0,6460.050794004928,2985,50,25.91,,3,0.6,,,,"[0.2, 0.4, 0.6]",,
ruler,raw_gpt-oss-120b,ruler_size50_pos0.05_0.15_0.95_fact1,1.0,6585.326419008197,3011,50,KEY-3091-GAMMA,,1,0.05,,,,"[0.05, 0.15, 0.95]",,
ruler,raw_gpt-oss-120b,ruler_size50_pos0.05_0.15_0.95_fact2,0.0,6642.166211997392,3011,50,4.50,,2,0.15,,,,"[0.05, 0.15, 0.95]",,
ruler,raw_gpt-oss-120b,ruler_size50_pos0.05_0.15_0.95_fact3,0.0,641.1836670013145,3011,50,73.84,,3,0.95,,,,"[0.05, 0.15, 0.95]",,
ruler,raw_gpt-oss-120b,ruler_size50_pos0.45_0.50_0.55_fact1,1.0,6539.6541290101595,3043,50,ID-46559,,1,0.45,,,,"[0.45, 0.5, 0.55]",,
ruler,raw_gpt-oss-120b,ruler_size50_pos0.45_0.50_0.55_fact2,1.0,6480.615210995893,3043,50,KEY-4995-BETA,,2,0.5,,,,"[0.45, 0.5, 0.55]",,
ruler,raw_gpt-oss-120b,ruler_size50_pos0.45_0.50_0.55_fact3,0.0,6464.784669995424,3043,50,79.85,,3,0.55,,,,"[0.45, 0.5, 0.55]",,
ruler,sliding_window_gpt-oss-120b,ruler_size10_pos0.10_0.50_0.90_fact1,1.0,2553.434417990502,717,10,ID-63271,,1,0.1,,,,"[0.1, 0.5, 0.9]",,
ruler,sliding_window_gpt-oss-120b,ruler_size10_pos0.10_0.50_0.90_fact2,1.0,2773.3271259930916,717,10,KEY-4937-GAMMA,,2,0.5,,,,"[0.1, 0.5, 0.9]",,
ruler,sliding_window_gpt-oss-120b,ruler_size10_pos0.10_0.50_0.90_fact3,1.0,502.5642089894973,717,10,KEY-9041-BETA,,3,0.9,,,,"[0.1, 0.5, 0.9]",,
ruler,sliding_window_gpt-oss-120b,ruler_size10_pos0.20_0.40_0.60_fact1,0.0,2350.485917995684,698,10,25.40,,1,0.2,,,,"[0.2, 0.4, 0.6]",,
ruler,sliding_window_gpt-oss-120b,ruler_size10_pos0.20_0.40_0.60_fact2,1.0,3485.3951270051766,698,10,ID-80236,,2,0.4,,,,"[0.2, 0.4, 0.6]",,
ruler,sliding_window_gpt-oss-120b,ruler_size10_pos0.20_0.40_0.60_fact3,0.0,2597.0853340113536,698,10,24.24,,3,0.6,,,,"[0.2, 0.4, 0.6]",,
ruler,sliding_window_gpt-oss-120b,ruler_size10_pos0.05_0.15_0.95_fact1,1.0,358.0325829971116,756,10,KEY-3068-GAMMA,,1,0.05,,,,"[0.05, 0.15, 0.95]",,
ruler,sliding_window_gpt-oss-120b,ruler_size10_pos0.05_0.15_0.95_fact2,1.0,2474.0463350026403,756,10,KEY-2680-ALPHA,,2,0.15,,,,"[0.05, 0.15, 0.95]",,
ruler,sliding_window_gpt-oss-120b,ruler_size10_pos0.05_0.15_0.95_fact3,0.0,2472.268666999298,756,10,37.60,,3,0.95,,,,"[0.05, 0.15, 0.95]",,
ruler,sliding_window_gpt-oss-120b,ruler_size10_pos0.45_0.50_0.55_fact1,0.0,2420.3319170046598,738,10,98.53,,1,0.45,,,,"[0.45, 0.5, 0.55]",,
ruler,sliding_window_gpt-oss-120b,ruler_size10_pos0.45_0.50_0.55_fact2,1.0,3503.218793994165,738,10,77.79,,2,0.5,,,,"[0.45, 0.5, 0.55]",,
ruler,sliding_window_gpt-oss-120b,ruler_size10_pos0.45_0.50_0.55_fact3,1.0,2441.7700429912657,738,10,ID-78494,,3,0.55,,,,"[0.45, 0.5, 0.55]",,
ruler,sliding_window_gpt-oss-120b,ruler_size25_pos0.10_0.50_0.90_fact1,1.0,4391.07329401304,1603,25,ID-31747,,1,0.1,,,,"[0.1, 0.5, 0.9]",,
ruler,sliding_window_gpt-oss-120b,ruler_size25_pos0.10_0.50_0.90_fact2,1.0,3849.453668008209,1603,25,KEY-5728-BETA,,2,0.5,,,,"[0.1, 0.5, 0.9]",,
ruler,sliding_window_gpt-oss-120b,ruler_size25_pos0.10_0.50_0.90_fact3,1.0,2625.669626999297,1603,25,ID-71433,,3,0.9,,,,"[0.1, 0.5, 0.9]",,
ruler,sliding_window_gpt-oss-120b,ruler_size25_pos0.20_0.40_0.60_fact1,0.0,3481.317042998853,1604,25,52.97,,1,0.2,,,,"[0.2, 0.4, 0.6]",,
ruler,sliding_window_gpt-oss-120b,ruler_size25_pos0.20_0.40_0.60_fact2,1.0,3427.120834996458,1604,25,5.58,,2,0.4,,,,"[0.2, 0.4, 0.6]",,
ruler,sliding_window_gpt-oss-120b,ruler_size25_pos0.20_0.40_0.60_fact3,1.0,2351.644166992628,1604,25,ID-51224,,3,0.6,,,,"[0.2, 0.4, 0.6]",,
ruler,sliding_window_gpt-oss-120b,ruler_size25_pos0.05_0.15_0.95_fact1,1.0,3536.732334003318,1637,25,KEY-8736-ALPHA,,1,0.05,,,,"[0.05, 0.15, 0.95]",,
ruler,sliding_window_gpt-oss-120b,ruler_size25_pos0.05_0.15_0.95_fact2,1.0,4493.518253002549,1637,25,KEY-3369-BETA,,2,0.15,,,,"[0.05, 0.15, 0.95]",,
ruler,sliding_window_gpt-oss-120b,ruler_size25_pos0.05_0.15_0.95_fact3,1.0,2425.6996670010267,1637,25,ID-88561,,3,0.95,,,,"[0.05, 0.15, 0.95]",,
ruler,sliding_window_gpt-oss-120b,ruler_size25_pos0.45_0.50_0.55_fact1,1.0,3348.862459999509,1578,25,19.52,,1,0.45,,,,"[0.45, 0.5, 0.55]",,
ruler,sliding_window_gpt-oss-120b,ruler_size25_pos0.45_0.50_0.55_fact2,0.0,4585.87925300526,1578,25,20.09,,2,0.5,,,,"[0.45, 0.5, 0.55]",,
ruler,sliding_window_gpt-oss-120b,ruler_size25_pos0.45_0.50_0.55_fact3,1.0,3854.4090439972933,1578,25,KEY-5342-BETA,,3,0.55,,,,"[0.45, 0.5, 0.55]",,
ruler,sliding_window_gpt-oss-120b,ruler_size50_pos0.10_0.50_0.90_fact1,1.0,6425.726253000903,3035,50,ID-89569,,1,0.1,,,,"[0.1, 0.5, 0.9]",,
ruler,sliding_window_gpt-oss-120b,ruler_size50_pos0.10_0.50_0.90_fact2,1.0,5586.036836000858,3035,50,KEY-4588-GAMMA,,2,0.5,,,,"[0.1, 0.5, 0.9]",,
ruler,sliding_window_gpt-oss-120b,ruler_size50_pos0.10_0.50_0.90_fact3,1.0,6470.196337002562,3035,50,ID-91381,,3,0.9,,,,"[0.1, 0.5, 0.9]",,
ruler,sliding_window_gpt-oss-120b,ruler_size50_pos0.20_0.40_0.60_fact1,1.0,6459.822003002046,3032,50,KEY-8285-ALPHA,,1,0.2,,,,"[0.2, 0.4, 0.6]",,
ruler,sliding_window_gpt-oss-120b,ruler_size50_pos0.20_0.40_0.60_fact2,1.0,6476.223128003767,3032,50,KEY-2627-GAMMA,,2,0.4,,,,"[0.2, 0.4, 0.6]",,
ruler,sliding_window_gpt-oss-120b,ruler_size50_pos0.20_0.40_0.60_fact3,1.0,6609.272711997619,3032,50,KEY-9920-GAMMA,,3,0.6,,,,"[0.2, 0.4, 0.6]",,
ruler,sliding_window_gpt-oss-120b,ruler_size50_pos0.05_0.15_0.95_fact1,1.0,6451.800502996775,3073,50,KEY-2557-BETA,,1,0.05,,,,"[0.05, 0.15, 0.95]",,
ruler,sliding_window_gpt-oss-120b,ruler_size50_pos0.05_0.15_0.95_fact2,1.0,6729.4627530063735,3073,50,KEY-6120-GAMMA,,2,0.15,,,,"[0.05, 0.15, 0.95]",,
ruler,sliding_window_gpt-oss-120b,ruler_size50_pos0.05_0.15_0.95_fact3,1.0,6571.32479500433,3073,50,KEY-7132-ALPHA,,3,0.95,,,,"[0.05, 0.15, 0.95]",,
ruler,sliding_window_gpt-oss-120b,ruler_size50_pos0.45_0.50_0.55_fact1,0.0,359.14320799929556,3057,50,40.05,,1,0.45,,,,"[0.45, 0.5, 0.55]",,
ruler,sliding_window_gpt-oss-120b,ruler_size50_pos0.45_0.50_0.55_fact2,1.0,6618.398877995787,3057,50,ID-61807,,2,0.5,,,,"[0.45, 0.5, 0.55]",,
ruler,sliding_window_gpt-oss-120b,ruler_size50_pos0.45_0.50_0.55_fact3,1.0,5525.431336005568,3057,50,8.00,,3,0.55,,,,"[0.45, 0.5, 0.55]",,
ruler,parallel_window_gpt-oss-120b,ruler_size10_pos0.10_0.50_0.90_fact1,1.0,3580.19108499866,718,10,KEY-1693-BETA,,1,0.1,,,,"[0.1, 0.5, 0.9]",,
ruler,parallel_window_gpt-oss-120b,ruler_size10_pos0.10_0.50_0.90_fact2,1.0,2456.7457509983797,718,10,ID-70260,,2,0.5,,,,"[0.1, 0.5, 0.9]",,
ruler,parallel_window_gpt-oss-120b,ruler_size10_pos0.10_0.50_0.90_fact3,1.0,2485.6628339912277,718,10,ID-51033,,3,0.9,,,,"[0.1, 0.5, 0.9]",,
ruler,parallel_window_gpt-oss-120b,ruler_size10_pos0.20_0.40_0.60_fact1,1.0,347.963834006805,714,10,KEY-7560-GAMMA,,1,0.2,,,,"[0.2, 0.4, 0.6]",,
ruler,parallel_window_gpt-oss-120b,ruler_size10_pos0.20_0.40_0.60_fact2,1.0,2464.199626003392,714,10,ID-61873,,2,0.4,,,,"[0.2, 0.4, 0.6]",,
ruler,parallel_window_gpt-oss-120b,ruler_size10_pos0.20_0.40_0.60_fact3,1.0,2437.1246679947944,714,10,KEY-6562-ALPHA,,3,0.6,,,,"[0.2, 0.4, 0.6]",,
ruler,parallel_window_gpt-oss-120b,ruler_size10_pos0.05_0.15_0.95_fact1,1.0,3417.75333500118,763,10,10.22,,1,0.05,,,,"[0.05, 0.15, 0.95]",,
ruler,parallel_window_gpt-oss-120b,ruler_size10_pos0.05_0.15_0.95_fact2,0.0,2467.696584004443,763,10,64.59,,2,0.15,,,,"[0.05, 0.15, 0.95]",,
ruler,parallel_window_gpt-oss-120b,ruler_size10_pos0.05_0.15_0.95_fact3,0.0,2372.5047089974396,763,10,98.74,,3,0.95,,,,"[0.05, 0.15, 0.95]",,
ruler,parallel_window_gpt-oss-120b,ruler_size10_pos0.45_0.50_0.55_fact1,1.0,2462.267000999418,722,10,ID-17456,,1,0.45,,,,"[0.45, 0.5, 0.55]",,
ruler,parallel_window_gpt-oss-120b,ruler_size10_pos0.45_0.50_0.55_fact2,1.0,2485.710918001132,722,10,KEY-5703-ALPHA,,2,0.5,,,,"[0.45, 0.5, 0.55]",,
ruler,parallel_window_gpt-oss-120b,ruler_size10_pos0.45_0.50_0.55_fact3,1.0,2404.802335004206,722,10,12.78,,3,0.55,,,,"[0.45, 0.5, 0.55]",,
ruler,parallel_window_gpt-oss-120b,ruler_size25_pos0.10_0.50_0.90_fact1,1.0,4660.664084993186,1617,25,KEY-6082-GAMMA,,1,0.1,,,,"[0.1, 0.5, 0.9]",,
ruler,parallel_window_gpt-oss-120b,ruler_size25_pos0.10_0.50_0.90_fact2,0.0,3452.106377008022,1617,25,85.50,,2,0.5,,,,"[0.1, 0.5, 0.9]",,
ruler,parallel_window_gpt-oss-120b,ruler_size25_pos0.10_0.50_0.90_fact3,1.0,4397.67704399128,1617,25,ID-87993,,3,0.9,,,,"[0.1, 0.5, 0.9]",,
ruler,parallel_window_gpt-oss-120b,ruler_size25_pos0.20_0.40_0.60_fact1,1.0,3433.5968350060284,1612,25,KEY-8355-ALPHA,,1,0.2,,,,"[0.2, 0.4, 0.6]",,
ruler,parallel_window_gpt-oss-120b,ruler_size25_pos0.20_0.40_0.60_fact2,0.0,4431.486086003133,1612,25,31.39,,2,0.4,,,,"[0.2, 0.4, 0.6]",,
ruler,parallel_window_gpt-oss-120b,ruler_size25_pos0.20_0.40_0.60_fact3,1.0,4483.7897940014955,1612,25,KEY-4178-BETA,,3,0.6,,,,"[0.2, 0.4, 0.6]",,
ruler,parallel_window_gpt-oss-120b,ruler_size25_pos0.05_0.15_0.95_fact1,1.0,3505.5649189889664,1595,25,ID-51770,,1,0.05,,,,"[0.05, 0.15, 0.95]",,
ruler,parallel_window_gpt-oss-120b,ruler_size25_pos0.05_0.15_0.95_fact2,1.0,4381.660793005722,1595,25,ID-95191,,2,0.15,,,,"[0.05, 0.15, 0.95]",,
ruler,parallel_window_gpt-oss-120b,ruler_size25_pos0.05_0.15_0.95_fact3,1.0,3531.607292999979,1595,25,KEY-3392-ALPHA,,3,0.95,,,,"[0.05, 0.15, 0.95]",,
ruler,parallel_window_gpt-oss-120b,ruler_size25_pos0.45_0.50_0.55_fact1,1.0,2550.98650099535,1624,25,KEY-1713-GAMMA,,1,0.45,,,,"[0.45, 0.5, 0.55]",,
ruler,parallel_window_gpt-oss-120b,ruler_size25_pos0.45_0.50_0.55_fact2,1.0,3369.3187099997886,1624,25,KEY-7116-BETA,,2,0.5,,,,"[0.45, 0.5, 0.55]",,
ruler,parallel_window_gpt-oss-120b,ruler_size25_pos0.45_0.50_0.55_fact3,0.0,4369.11421098921,1624,25,3.45,,3,0.55,,,,"[0.45, 0.5, 0.55]",,
ruler,parallel_window_gpt-oss-120b,ruler_size50_pos0.10_0.50_0.90_fact1,0.0,6827.108628000133,3040,50,87.56,,1,0.1,,,,"[0.1, 0.5, 0.9]",,
ruler,parallel_window_gpt-oss-120b,ruler_size50_pos0.10_0.50_0.90_fact2,1.0,5593.25750201242,3040,50,ID-26545,,2,0.5,,,,"[0.1, 0.5, 0.9]",,
ruler,parallel_window_gpt-oss-120b,ruler_size50_pos0.10_0.50_0.90_fact3,1.0,6553.346502012573,3040,50,ID-40932,,3,0.9,,,,"[0.1, 0.5, 0.9]",,
ruler,parallel_window_gpt-oss-120b,ruler_size50_pos0.20_0.40_0.60_fact1,1.0,6502.522128008422,3065,50,ID-66704,,1,0.2,,,,"[0.2, 0.4, 0.6]",,
ruler,parallel_window_gpt-oss-120b,ruler_size50_pos0.20_0.40_0.60_fact2,0.0,5425.724710992654,3065,50,8.15,,2,0.4,,,,"[0.2, 0.4, 0.6]",,
ruler,parallel_window_gpt-oss-120b,ruler_size50_pos0.20_0.40_0.60_fact3,0.0,6497.6245449943235,3065,50,20.38,,3,0.6,,,,"[0.2, 0.4, 0.6]",,
ruler,parallel_window_gpt-oss-120b,ruler_size50_pos0.05_0.15_0.95_fact1,1.0,6452.27646100102,3047,50,ID-38199,,1,0.05,,,,"[0.05, 0.15, 0.95]",,
ruler,parallel_window_gpt-oss-120b,ruler_size50_pos0.05_0.15_0.95_fact2,0.0,6438.198378004017,3047,50,46.06,,2,0.15,,,,"[0.05, 0.15, 0.95]",,
ruler,parallel_window_gpt-oss-120b,ruler_size50_pos0.05_0.15_0.95_fact3,1.0,6796.212795001338,3047,50,ID-46877,,3,0.95,,,,"[0.05, 0.15, 0.95]",,
ruler,parallel_window_gpt-oss-120b,ruler_size50_pos0.45_0.50_0.55_fact1,0.0,389.69820899365004,3045,50,100.78,,1,0.45,,,,"[0.45, 0.5, 0.55]",,
ruler,parallel_window_gpt-oss-120b,ruler_size50_pos0.45_0.50_0.55_fact2,1.0,6461.23454500048,3045,50,KEY-2020-GAMMA,,2,0.5,,,,"[0.45, 0.5, 0.55]",,
ruler,parallel_window_gpt-oss-120b,ruler_size50_pos0.45_0.50_0.55_fact3,1.0,6487.630670002545,3045,50,ID-77984,,3,0.55,,,,"[0.45, 0.5, 0.55]",,
ruler,semantic_compression_gpt-oss-120b,ruler_size10_pos0.10_0.50_0.90_fact1,1.0,7559.887586001423,703,10,39.28,,1,0.1,,,,"[0.1, 0.5, 0.9]",,
ruler,semantic_compression_gpt-oss-120b,ruler_size10_pos0.10_0.50_0.90_fact2,1.0,7272.23446201242,703,10,KEY-5735-GAMMA,,2,0.5,,,,"[0.1, 0.5, 0.9]",,
ruler,semantic_compression_gpt-oss-120b,ruler_size10_pos0.10_0.50_0.90_fact3,1.0,6273.9730030007195,703,10,ID-74094,,3,0.9,,,,"[0.1, 0.5, 0.9]",,
ruler,semantic_compression_gpt-oss-120b,ruler_size10_pos0.20_0.40_0.60_fact1,1.0,7863.8503789989045,734,10,KEY-5201-GAMMA,,1,0.2,,,,"[0.2, 0.4, 0.6]",,
ruler,semantic_compression_gpt-oss-120b,ruler_size10_pos0.20_0.40_0.60_fact2,0.5,8927.148753005895,734,10,KEY-4505-ALPHA,,2,0.4,,,,"[0.2, 0.4, 0.6]",,
ruler,semantic_compression_gpt-oss-120b,ruler_size10_pos0.20_0.40_0.60_fact3,0.0,7669.423128012568,734,10,35.71,,3,0.6,,,,"[0.2, 0.4, 0.6]",,
ruler,semantic_compression_gpt-oss-120b,ruler_size10_pos0.05_0.15_0.95_fact1,0.0,5251.60016900918,734,10,21.52,,1,0.05,,,,"[0.05, 0.15, 0.95]",,
ruler,semantic_compression_gpt-oss-120b,ruler_size10_pos0.05_0.15_0.95_fact2,0.0,74.10966699535493,734,10,61.61,,2,0.15,,,,"[0.05, 0.15, 0.95]",,
ruler,semantic_compression_gpt-oss-120b,ruler_size10_pos0.05_0.15_0.95_fact3,0.0,170.2320000040345,734,10,26.96,,3,0.95,,,,"[0.05, 0.15, 0.95]",,
ruler,semantic_compression_gpt-oss-120b,ruler_size10_pos0.45_0.50_0.55_fact1,0.0,69.74000000627711,768,10,KEY-4052-GAMMA,,1,0.45,,,,"[0.45, 0.5, 0.55]",,
ruler,semantic_compression_gpt-oss-120b,ruler_size10_pos0.45_0.50_0.55_fact2,0.0,77.09420799801592,768,10,KEY-1613-ALPHA,,2,0.5,,,,"[0.45, 0.5, 0.55]",,
ruler,semantic_compression_gpt-oss-120b,ruler_size10_pos0.45_0.50_0.55_fact3,0.0,81.8866670015268,768,10,KEY-2758-BETA,,3,0.55,,,,"[0.45, 0.5, 0.55]",,
ruler,semantic_compression_gpt-oss-120b,ruler_size25_pos0.10_0.50_0.90_fact1,0.0,86.33637501043268,1572,25,93.73,,1,0.1,,,,"[0.1, 0.5, 0.9]",,
ruler,semantic_compression_gpt-oss-120b,ruler_size25_pos0.10_0.50_0.90_fact2,0.0,136.47250000212807,1572,25,ID-44282,,2,0.5,,,,"[0.1, 0.5, 0.9]",,
ruler,semantic_compression_gpt-oss-120b,ruler_size25_pos0.10_0.50_0.90_fact3,0.0,75.88224999199156,1572,25,47.88,,3,0.9,,,,"[0.1, 0.5, 0.9]",,
ruler,semantic_compression_gpt-oss-120b,ruler_size25_pos0.20_0.40_0.60_fact1,0.0,70.32662500569131,1580,25,ID-69432,,1,0.2,,,,"[0.2, 0.4, 0.6]",,
ruler,semantic_compression_gpt-oss-120b,ruler_size25_pos0.20_0.40_0.60_fact2,0.0,69.5133330009412,1580,25,ID-77272,,2,0.4,,,,"[0.2, 0.4, 0.6]",,
ruler,semantic_compression_gpt-oss-120b,ruler_size25_pos0.20_0.40_0.60_fact3,0.0,74.98608400055673,1580,25,KEY-8484-GAMMA,,3,0.6,,,,"[0.2, 0.4, 0.6]",,
ruler,semantic_compression_gpt-oss-120b,ruler_size25_pos0.05_0.15_0.95_fact1,0.0,86.83095799642615,1642,25,ID-10455,,1,0.05,,,,"[0.05, 0.15, 0.95]",,
ruler,semantic_compression_gpt-oss-120b,ruler_size25_pos0.05_0.15_0.95_fact2,0.0,144.59741600148845,1642,25,ID-49107,,2,0.15,,,,"[0.05, 0.15, 0.95]",,
ruler,semantic_compression_gpt-oss-120b,ruler_size25_pos0.05_0.15_0.95_fact3,0.0,74.03966700076126,1642,25,KEY-9920-BETA,,3,0.95,,,,"[0.05, 0.15, 0.95]",,
ruler,semantic_compression_gpt-oss-120b,ruler_size25_pos0.45_0.50_0.55_fact1,0.0,107.8410000045551,1622,25,55.71,,1,0.45,,,,"[0.45, 0.5, 0.55]",,
ruler,semantic_compression_gpt-oss-120b,ruler_size25_pos0.45_0.50_0.55_fact2,0.0,80.90012500179,1622,25,KEY-1768-BETA,,2,0.5,,,,"[0.45, 0.5, 0.55]",,
ruler,semantic_compression_gpt-oss-120b,ruler_size25_pos0.45_0.50_0.55_fact3,0.0,73.84224999987055,1622,25,86.48,,3,0.55,,,,"[0.45, 0.5, 0.55]",,
ruler,semantic_compression_gpt-oss-120b,ruler_size50_pos0.10_0.50_0.90_fact1,0.0,187.76004199753515,2980,50,ID-75444,,1,0.1,,,,"[0.1, 0.5, 0.9]",,
ruler,semantic_compression_gpt-oss-120b,ruler_size50_pos0.10_0.50_0.90_fact2,0.0,95.06679201149382,2980,50,84.87,,2,0.5,,,,"[0.1, 0.5, 0.9]",,
ruler,semantic_compression_gpt-oss-120b,ruler_size50_pos0.10_0.50_0.90_fact3,0.0,73.58379200741183,2980,50,KEY-5216-BETA,,3,0.9,,,,"[0.1, 0.5, 0.9]",,
ruler,semantic_compression_gpt-oss-120b,ruler_size50_pos0.20_0.40_0.60_fact1,0.0,101.59049999492709,3081,50,ID-99709,,1,0.2,,,,"[0.2, 0.4, 0.6]",,
ruler,semantic_compression_gpt-oss-120b,ruler_size50_pos0.20_0.40_0.60_fact2,0.0,72.78854200558271,3081,50,KEY-9897-GAMMA,,2,0.4,,,,"[0.2, 0.4, 0.6]",,
ruler,semantic_compression_gpt-oss-120b,ruler_size50_pos0.20_0.40_0.60_fact3,0.0,77.73658400401473,3081,50,5.22,,3,0.6,,,,"[0.2, 0.4, 0.6]",,
ruler,semantic_compression_gpt-oss-120b,ruler_size50_pos0.05_0.15_0.95_fact1,0.0,1401.3876679964596,3011,50,ID-45247,,1,0.05,,,,"[0.05, 0.15, 0.95]",,
ruler,semantic_compression_gpt-oss-120b,ruler_size50_pos0.05_0.15_0.95_fact2,0.0,81.90066699171439,3011,50,KEY-5397-BETA,,2,0.15,,,,"[0.05, 0.15, 0.95]",,
ruler,semantic_compression_gpt-oss-120b,ruler_size50_pos0.05_0.15_0.95_fact3,0.0,74.33799999125767,3011,50,ID-18292,,3,0.95,,,,"[0.05, 0.15, 0.95]",,
ruler,semantic_compression_gpt-oss-120b,ruler_size50_pos0.45_0.50_0.55_fact1,0.0,164.46483301115222,2974,50,KEY-8052-ALPHA,,1,0.45,,,,"[0.45, 0.5, 0.55]",,
ruler,semantic_compression_gpt-oss-120b,ruler_size50_pos0.45_0.50_0.55_fact2,0.0,92.77470801316667,2974,50,ID-22924,,2,0.5,,,,"[0.45, 0.5, 0.55]",,
ruler,semantic_compression_gpt-oss-120b,ruler_size50_pos0.45_0.50_0.55_fact3,0.0,79.48891699197702,2974,50,KEY-4637-GAMMA,,3,0.55,,,,"[0.45, 0.5, 0.55]",,
ruler,rig_gpt-oss-120b,ruler_size10_pos0.10_0.50_0.90_fact1,0.0,530.9128340013558,750,10,KEY-4389-GAMMA,,1,0.1,,,,"[0.1, 0.5, 0.9]",,
ruler,rig_gpt-oss-120b,ruler_size10_pos0.10_0.50_0.90_fact2,0.0,124.79345800238661,750,10,KEY-6706-BETA,,2,0.5,,,,"[0.1, 0.5, 0.9]",,
ruler,rig_gpt-oss-120b,ruler_size10_pos0.10_0.50_0.90_fact3,0.0,201.25954199465923,750,10,ID-67431,,3,0.9,,,,"[0.1, 0.5, 0.9]",,
ruler,rig_gpt-oss-120b,ruler_size10_pos0.20_0.40_0.60_fact1,0.0,152.49012599815615,768,10,55.59,,1,0.2,,,,"[0.2, 0.4, 0.6]",,
ruler,rig_gpt-oss-120b,ruler_size10_pos0.20_0.40_0.60_fact2,0.0,153.58945800107904,768,10,ID-63090,,2,0.4,,,,"[0.2, 0.4, 0.6]",,
ruler,rig_gpt-oss-120b,ruler_size10_pos0.20_0.40_0.60_fact3,0.0,188.84341699595097,768,10,24.23,,3,0.6,,,,"[0.2, 0.4, 0.6]",,
ruler,rig_gpt-oss-120b,ruler_size10_pos0.05_0.15_0.95_fact1,0.0,175.02062499988824,742,10,KEY-4228-BETA,,1,0.05,,,,"[0.05, 0.15, 0.95]",,
ruler,rig_gpt-oss-120b,ruler_size10_pos0.05_0.15_0.95_fact2,0.0,137.134792006691,742,10,ID-44387,,2,0.15,,,,"[0.05, 0.15, 0.95]",,
ruler,rig_gpt-oss-120b,ruler_size10_pos0.05_0.15_0.95_fact3,0.0,209.29791599337477,742,10,63.67,,3,0.95,,,,"[0.05, 0.15, 0.95]",,
ruler,rig_gpt-oss-120b,ruler_size10_pos0.45_0.50_0.55_fact1,0.0,123.04187500558328,738,10,ID-41270,,1,0.45,,,,"[0.45, 0.5, 0.55]",,
ruler,rig_gpt-oss-120b,ruler_size10_pos0.45_0.50_0.55_fact2,0.0,134.01366600010078,738,10,KEY-2916-ALPHA,,2,0.5,,,,"[0.45, 0.5, 0.55]",,
ruler,rig_gpt-oss-120b,ruler_size10_pos0.45_0.50_0.55_fact3,0.0,152.1551250043558,738,10,KEY-3316-GAMMA,,3,0.55,,,,"[0.45, 0.5, 0.55]",,
ruler,rig_gpt-oss-120b,ruler_size25_pos0.10_0.50_0.90_fact1,0.0,150.72966599836946,1639,25,15.73,,1,0.1,,,,"[0.1, 0.5, 0.9]",,
ruler,rig_gpt-oss-120b,ruler_size25_pos0.10_0.50_0.90_fact2,0.0,136.91104200552218,1639,25,ID-45112,,2,0.5,,,,"[0.1, 0.5, 0.9]",,
ruler,rig_gpt-oss-120b,ruler_size25_pos0.10_0.50_0.90_fact3,0.0,140.43545800086576,1639,25,47.69,,3,0.9,,,,"[0.1, 0.5, 0.9]",,
ruler,rig_gpt-oss-120b,ruler_size25_pos0.20_0.40_0.60_fact1,0.0,209.99879098962992,1615,25,ID-42725,,1,0.2,,,,"[0.2, 0.4, 0.6]",,
ruler,rig_gpt-oss-120b,ruler_size25_pos0.20_0.40_0.60_fact2,0.0,171.12762499891687,1615,25,ID-52217,,2,0.4,,,,"[0.2, 0.4, 0.6]",,
ruler,rig_gpt-oss-120b,ruler_size25_pos0.20_0.40_0.60_fact3,0.0,131.22720799583476,1615,25,ID-98635,,3,0.6,,,,"[0.2, 0.4, 0.6]",,
ruler,rig_gpt-oss-120b,ruler_size25_pos0.05_0.15_0.95_fact1,0.0,232.3235000076238,1595,25,ID-30707,,1,0.05,,,,"[0.05, 0.15, 0.95]",,
ruler,rig_gpt-oss-120b,ruler_size25_pos0.05_0.15_0.95_fact2,0.0,142.28475000709295,1595,25,KEY-8479-ALPHA,,2,0.15,,,,"[0.05, 0.15, 0.95]",,
ruler,rig_gpt-oss-120b,ruler_size25_pos0.05_0.15_0.95_fact3,0.0,131.97079200472217,1595,25,KEY-4314-GAMMA,,3,0.95,,,,"[0.05, 0.15, 0.95]",,
ruler,rig_gpt-oss-120b,ruler_size25_pos0.45_0.50_0.55_fact1,0.0,117.86812500213273,1618,25,KEY-3181-GAMMA,,1,0.45,,,,"[0.45, 0.5, 0.55]",,
ruler,rig_gpt-oss-120b,ruler_size25_pos0.45_0.50_0.55_fact2,0.0,154.14425000199117,1618,25,19.08,,2,0.5,,,,"[0.45, 0.5, 0.55]",,
ruler,rig_gpt-oss-120b,ruler_size25_pos0.45_0.50_0.55_fact3,0.0,130.73104100476485,1618,25,73.01,,3,0.55,,,,"[0.45, 0.5, 0.55]",,
ruler,rig_gpt-oss-120b,ruler_size50_pos0.10_0.50_0.90_fact1,0.0,139.41041700309142,3048,50,KEY-1901-BETA,,1,0.1,,,,"[0.1, 0.5, 0.9]",,
ruler,rig_gpt-oss-120b,ruler_size50_pos0.10_0.50_0.90_fact2,0.0,130.99179200071376,3048,50,95.84,,2,0.5,,,,"[0.1, 0.5, 0.9]",,
ruler,rig_gpt-oss-120b,ruler_size50_pos0.10_0.50_0.90_fact3,0.0,142.4610000103712,3048,50,23.15,,3,0.9,,,,"[0.1, 0.5, 0.9]",,
ruler,rig_gpt-oss-120b,ruler_size50_pos0.20_0.40_0.60_fact1,0.0,144.82183300424367,3072,50,KEY-1391-ALPHA,,1,0.2,,,,"[0.2, 0.4, 0.6]",,
ruler,rig_gpt-oss-120b,ruler_size50_pos0.20_0.40_0.60_fact2,0.0,150.6652919924818,3072,50,45.81,,2,0.4,,,,"[0.2, 0.4, 0.6]",,
ruler,rig_gpt-oss-120b,ruler_size50_pos0.20_0.40_0.60_fact3,0.0,211.55145799275488,3072,50,2.42,,3,0.6,,,,"[0.2, 0.4, 0.6]",,
ruler,rig_gpt-oss-120b,ruler_size50_pos0.05_0.15_0.95_fact1,0.0,161.8792080116691,3033,50,ID-25919,,1,0.05,,,,"[0.05, 0.15, 0.95]",,
ruler,rig_gpt-oss-120b,ruler_size50_pos0.05_0.15_0.95_fact2,0.0,141.51474999380298,3033,50,ID-18083,,2,0.15,,,,"[0.05, 0.15, 0.95]",,
ruler,rig_gpt-oss-120b,ruler_size50_pos0.05_0.15_0.95_fact3,0.0,222.92612498858944,3033,50,ID-27133,,3,0.95,,,,"[0.05, 0.15, 0.95]",,
ruler,rig_gpt-oss-120b,ruler_size50_pos0.45_0.50_0.55_fact1,0.0,147.85295799083542,3008,50,46.72,,1,0.45,,,,"[0.45, 0.5, 0.55]",,
ruler,rig_gpt-oss-120b,ruler_size50_pos0.45_0.50_0.55_fact2,0.0,133.2594169944059,3008,50,19.72,,2,0.5,,,,"[0.45, 0.5, 0.55]",,
ruler,rig_gpt-oss-120b,ruler_size50_pos0.45_0.50_0.55_fact3,0.0,207.95887500571553,3008,50,ID-74517,,3,0.55,,,,"[0.45, 0.5, 0.55]",,
ruler,raw_gpt-oss-20b,ruler_size10_pos0.10_0.50_0.90_fact1,1.0,341.56491699104663,726,10,KEY-1975-ALPHA,,1,0.1,,,,"[0.1, 0.5, 0.9]",,
ruler,raw_gpt-oss-20b,ruler_size10_pos0.10_0.50_0.90_fact2,1.0,270.62875000410713,726,10,ID-86888,,2,0.5,,,,"[0.1, 0.5, 0.9]",,
ruler,raw_gpt-oss-20b,ruler_size10_pos0.10_0.50_0.90_fact3,1.0,270.6678329996066,726,10,19.99,,3,0.9,,,,"[0.1, 0.5, 0.9]",,
ruler,raw_gpt-oss-20b,ruler_size10_pos0.20_0.40_0.60_fact1,1.0,273.7597090017516,734,10,72.88,,1,0.2,,,,"[0.2, 0.4, 0.6]",,
ruler,raw_gpt-oss-20b,ruler_size10_pos0.20_0.40_0.60_fact2,1.0,241.48958300065715,734,10,46.28,,2,0.4,,,,"[0.2, 0.4, 0.6]",,
ruler,raw_gpt-oss-20b,ruler_size10_pos0.20_0.40_0.60_fact3,1.0,261.07491699804086,734,10,76.22,,3,0.6,,,,"[0.2, 0.4, 0.6]",,
ruler,raw_gpt-oss-20b,ruler_size10_pos0.05_0.15_0.95_fact1,1.0,279.4359169929521,739,10,KEY-2274-ALPHA,,1,0.05,,,,"[0.05, 0.15, 0.95]",,
ruler,raw_gpt-oss-20b,ruler_size10_pos0.05_0.15_0.95_fact2,1.0,274.3035410094308,739,10,KEY-6234-ALPHA,,2,0.15,,,,"[0.05, 0.15, 0.95]",,
ruler,raw_gpt-oss-20b,ruler_size10_pos0.05_0.15_0.95_fact3,1.0,264.2154580098577,739,10,12.90,,3,0.95,,,,"[0.05, 0.15, 0.95]",,
ruler,raw_gpt-oss-20b,ruler_size10_pos0.45_0.50_0.55_fact1,1.0,276.2113749922719,741,10,KEY-9078-BETA,,1,0.45,,,,"[0.45, 0.5, 0.55]",,
ruler,raw_gpt-oss-20b,ruler_size10_pos0.45_0.50_0.55_fact2,1.0,448.5437080002157,741,10,KEY-9946-BETA,,2,0.5,,,,"[0.45, 0.5, 0.55]",,
ruler,raw_gpt-oss-20b,ruler_size10_pos0.45_0.50_0.55_fact3,1.0,304.89912499615457,741,10,ID-72847,,3,0.55,,,,"[0.45, 0.5, 0.55]",,
ruler,raw_gpt-oss-20b,ruler_size25_pos0.10_0.50_0.90_fact1,1.0,272.56608300376683,1627,25,81.76,,1,0.1,,,,"[0.1, 0.5, 0.9]",,
ruler,raw_gpt-oss-20b,ruler_size25_pos0.10_0.50_0.90_fact2,1.0,287.45333300321363,1627,25,KEY-4271-ALPHA,,2,0.5,,,,"[0.1, 0.5, 0.9]",,
ruler,raw_gpt-oss-20b,ruler_size25_pos0.10_0.50_0.90_fact3,1.0,363.2253329997184,1627,25,ID-37125,,3,0.9,,,,"[0.1, 0.5, 0.9]",,
ruler,raw_gpt-oss-20b,ruler_size25_pos0.20_0.40_0.60_fact1,1.0,289.323292003246,1579,25,KEY-2293-BETA,,1,0.2,,,,"[0.2, 0.4, 0.6]",,
ruler,raw_gpt-oss-20b,ruler_size25_pos0.20_0.40_0.60_fact2,1.0,294.9326250090962,1579,25,5.64,,2,0.4,,,,"[0.2, 0.4, 0.6]",,
ruler,raw_gpt-oss-20b,ruler_size25_pos0.20_0.40_0.60_fact3,1.0,287.97700100403745,1579,25,67.73,,3,0.6,,,,"[0.2, 0.4, 0.6]",,
ruler,raw_gpt-oss-20b,ruler_size25_pos0.05_0.15_0.95_fact1,1.0,354.9996670044493,1623,25,KEY-5327-BETA,,1,0.05,,,,"[0.05, 0.15, 0.95]",,
ruler,raw_gpt-oss-20b,ruler_size25_pos0.05_0.15_0.95_fact2,1.0,311.58383400179446,1623,25,63.73,,2,0.15,,,,"[0.05, 0.15, 0.95]",,
ruler,raw_gpt-oss-20b,ruler_size25_pos0.05_0.15_0.95_fact3,1.0,3313.1690430018352,1623,25,61.04,,3,0.95,,,,"[0.05, 0.15, 0.95]",,
ruler,raw_gpt-oss-20b,ruler_size25_pos0.45_0.50_0.55_fact1,1.0,2322.926835011458,1539,25,ID-18600,,1,0.45,,,,"[0.45, 0.5, 0.55]",,
ruler,raw_gpt-oss-20b,ruler_size25_pos0.45_0.50_0.55_fact2,1.0,4425.3120020002825,1539,25,KEY-9303-BETA,,2,0.5,,,,"[0.45, 0.5, 0.55]",,
ruler,raw_gpt-oss-20b,ruler_size25_pos0.45_0.50_0.55_fact3,1.0,3382.6315850019455,1539,25,ID-78719,,3,0.55,,,,"[0.45, 0.5, 0.55]",,
ruler,raw_gpt-oss-20b,ruler_size50_pos0.10_0.50_0.90_fact1,1.0,6412.626710996847,3059,50,ID-17441,,1,0.1,,,,"[0.1, 0.5, 0.9]",,
ruler,raw_gpt-oss-20b,ruler_size50_pos0.10_0.50_0.90_fact2,1.0,6563.643378001871,3059,50,52.84,,2,0.5,,,,"[0.1, 0.5, 0.9]",,
ruler,raw_gpt-oss-20b,ruler_size50_pos0.10_0.50_0.90_fact3,1.0,6488.158669002587,3059,50,KEY-3292-GAMMA,,3,0.9,,,,"[0.1, 0.5, 0.9]",,
ruler,raw_gpt-oss-20b,ruler_size50_pos0.20_0.40_0.60_fact1,1.0,6425.470628004405,3083,50,KEY-7280-ALPHA,,1,0.2,,,,"[0.2, 0.4, 0.6]",,
ruler,raw_gpt-oss-20b,ruler_size50_pos0.20_0.40_0.60_fact2,1.0,6802.999877996626,3083,50,ID-79963,,2,0.4,,,,"[0.2, 0.4, 0.6]",,
ruler,raw_gpt-oss-20b,ruler_size50_pos0.20_0.40_0.60_fact3,1.0,6471.90287799458,3083,50,ID-58903,,3,0.6,,,,"[0.2, 0.4, 0.6]",,
ruler,raw_gpt-oss-20b,ruler_size50_pos0.05_0.15_0.95_fact1,1.0,6499.3135440017795,3120,50,KEY-6416-ALPHA,,1,0.05,,,,"[0.05, 0.15, 0.95]",,
ruler,raw_gpt-oss-20b,ruler_size50_pos0.05_0.15_0.95_fact2,1.0,7402.804711993667,3120,50,ID-11671,,2,0.15,,,,"[0.05, 0.15, 0.95]",,
ruler,raw_gpt-oss-20b,ruler_size50_pos0.05_0.15_0.95_fact3,1.0,6477.027585991891,3120,50,12.14,,3,0.95,,,,"[0.05, 0.15, 0.95]",,
ruler,raw_gpt-oss-20b,ruler_size50_pos0.45_0.50_0.55_fact1,1.0,6418.187045012019,3064,50,79.06,,1,0.45,,,,"[0.45, 0.5, 0.55]",,
ruler,raw_gpt-oss-20b,ruler_size50_pos0.45_0.50_0.55_fact2,1.0,6465.09796200553,3064,50,ID-94331,,2,0.5,,,,"[0.45, 0.5, 0.55]",,
ruler,raw_gpt-oss-20b,ruler_size50_pos0.45_0.50_0.55_fact3,1.0,6536.1945439944975,3064,50,ID-76265,,3,0.55,,,,"[0.45, 0.5, 0.55]",,
ruler,sliding_window_gpt-oss-20b,ruler_size10_pos0.10_0.50_0.90_fact1,1.0,2341.5592509991257,708,10,58.11,,1,0.1,,,,"[0.1, 0.5, 0.9]",,
ruler,sliding_window_gpt-oss-20b,ruler_size10_pos0.10_0.50_0.90_fact2,1.0,2344.6322520030662,708,10,KEY-8324-BETA,,2,0.5,,,,"[0.1, 0.5, 0.9]",,
ruler,sliding_window_gpt-oss-20b,ruler_size10_pos0.10_0.50_0.90_fact3,1.0,3373.704251993331,708,10,ID-75191,,3,0.9,,,,"[0.1, 0.5, 0.9]",,
ruler,sliding_window_gpt-oss-20b,ruler_size10_pos0.20_0.40_0.60_fact1,1.0,2351.1647099949187,743,10,ID-69566,,1,0.2,,,,"[0.2, 0.4, 0.6]",,
ruler,sliding_window_gpt-oss-20b,ruler_size10_pos0.20_0.40_0.60_fact2,1.0,2362.827250995906,743,10,KEY-8751-GAMMA,,2,0.4,,,,"[0.2, 0.4, 0.6]",,
ruler,sliding_window_gpt-oss-20b,ruler_size10_pos0.20_0.40_0.60_fact3,1.0,2327.4404179974226,743,10,47.91,,3,0.6,,,,"[0.2, 0.4, 0.6]",,
ruler,sliding_window_gpt-oss-20b,ruler_size10_pos0.05_0.15_0.95_fact1,1.0,3335.8684179984266,731,10,KEY-4209-ALPHA,,1,0.05,,,,"[0.05, 0.15, 0.95]",,
ruler,sliding_window_gpt-oss-20b,ruler_size10_pos0.05_0.15_0.95_fact2,1.0,2464.333292999072,731,10,ID-61497,,2,0.15,,,,"[0.05, 0.15, 0.95]",,
ruler,sliding_window_gpt-oss-20b,ruler_size10_pos0.05_0.15_0.95_fact3,1.0,2356.4227930037305,731,10,ID-69905,,3,0.95,,,,"[0.05, 0.15, 0.95]",,
ruler,sliding_window_gpt-oss-20b,ruler_size10_pos0.45_0.50_0.55_fact1,1.0,2358.81929199968,724,10,100.22,,1,0.45,,,,"[0.45, 0.5, 0.55]",,
ruler,sliding_window_gpt-oss-20b,ruler_size10_pos0.45_0.50_0.55_fact2,1.0,3282.0096260111313,724,10,75.22,,2,0.5,,,,"[0.45, 0.5, 0.55]",,
ruler,sliding_window_gpt-oss-20b,ruler_size10_pos0.45_0.50_0.55_fact3,1.0,2426.0378350008978,724,10,17.13,,3,0.55,,,,"[0.45, 0.5, 0.55]",,
ruler,sliding_window_gpt-oss-20b,ruler_size25_pos0.10_0.50_0.90_fact1,1.0,1379.753458997584,1548,25,ID-13312,,1,0.1,,,,"[0.1, 0.5, 0.9]",,
ruler,sliding_window_gpt-oss-20b,ruler_size25_pos0.10_0.50_0.90_fact2,1.0,4469.410669000354,1548,25,KEY-3381-ALPHA,,2,0.5,,,,"[0.1, 0.5, 0.9]",,
ruler,sliding_window_gpt-oss-20b,ruler_size25_pos0.10_0.50_0.90_fact3,1.0,3383.7375849980162,1548,25,8.25,,3,0.9,,,,"[0.1, 0.5, 0.9]",,
ruler,sliding_window_gpt-oss-20b,ruler_size25_pos0.20_0.40_0.60_fact1,1.0,4318.073002010351,1592,25,ID-66165,,1,0.2,,,,"[0.2, 0.4, 0.6]",,
ruler,sliding_window_gpt-oss-20b,ruler_size25_pos0.20_0.40_0.60_fact2,1.0,4427.8211269993335,1592,25,KEY-5329-ALPHA,,2,0.4,,,,"[0.2, 0.4, 0.6]",,
ruler,sliding_window_gpt-oss-20b,ruler_size25_pos0.20_0.40_0.60_fact3,1.0,3334.4645850011148,1592,25,ID-86544,,3,0.6,,,,"[0.2, 0.4, 0.6]",,
ruler,sliding_window_gpt-oss-20b,ruler_size25_pos0.05_0.15_0.95_fact1,1.0,4335.511169003439,1580,25,KEY-7248-ALPHA,,1,0.05,,,,"[0.05, 0.15, 0.95]",,
ruler,sliding_window_gpt-oss-20b,ruler_size25_pos0.05_0.15_0.95_fact2,1.0,4346.430917998077,1580,25,KEY-5203-GAMMA,,2,0.15,,,,"[0.05, 0.15, 0.95]",,
ruler,sliding_window_gpt-oss-20b,ruler_size25_pos0.05_0.15_0.95_fact3,1.0,4402.908461008337,1580,25,37.03,,3,0.95,,,,"[0.05, 0.15, 0.95]",,
ruler,sliding_window_gpt-oss-20b,ruler_size25_pos0.45_0.50_0.55_fact1,1.0,4368.309751997003,1605,25,KEY-2938-GAMMA,,1,0.45,,,,"[0.45, 0.5, 0.55]",,
ruler,sliding_window_gpt-oss-20b,ruler_size25_pos0.45_0.50_0.55_fact2,1.0,3378.786625995417,1605,25,ID-94072,,2,0.5,,,,"[0.45, 0.5, 0.55]",,
ruler,sliding_window_gpt-oss-20b,ruler_size25_pos0.45_0.50_0.55_fact3,1.0,4399.013044007006,1605,25,80.08,,3,0.55,,,,"[0.45, 0.5, 0.55]",,
ruler,sliding_window_gpt-oss-20b,ruler_size50_pos0.10_0.50_0.90_fact1,1.0,6390.199251996819,3086,50,94.42,,1,0.1,,,,"[0.1, 0.5, 0.9]",,
ruler,sliding_window_gpt-oss-20b,ruler_size50_pos0.10_0.50_0.90_fact2,1.0,6444.168002999504,3086,50,KEY-8583-BETA,,2,0.5,,,,"[0.1, 0.5, 0.9]",,
ruler,sliding_window_gpt-oss-20b,ruler_size50_pos0.10_0.50_0.90_fact3,1.0,6527.065960995969,3086,50,KEY-6004-BETA,,3,0.9,,,,"[0.1, 0.5, 0.9]",,
ruler,sliding_window_gpt-oss-20b,ruler_size50_pos0.20_0.40_0.60_fact1,1.0,478.0675830115797,3080,50,ID-67658,,1,0.2,,,,"[0.2, 0.4, 0.6]",,
ruler,sliding_window_gpt-oss-20b,ruler_size50_pos0.20_0.40_0.60_fact2,1.0,6386.566002998734,3080,50,ID-40145,,2,0.4,,,,"[0.2, 0.4, 0.6]",,
ruler,sliding_window_gpt-oss-20b,ruler_size50_pos0.20_0.40_0.60_fact3,1.0,6389.918877990567,3080,50,ID-77441,,3,0.6,,,,"[0.2, 0.4, 0.6]",,
ruler,sliding_window_gpt-oss-20b,ruler_size50_pos0.05_0.15_0.95_fact1,1.0,6458.183711001766,3142,50,KEY-6742-GAMMA,,1,0.05,,,,"[0.05, 0.15, 0.95]",,
ruler,sliding_window_gpt-oss-20b,ruler_size50_pos0.05_0.15_0.95_fact2,1.0,6453.946793990326,3142,50,98.89,,2,0.15,,,,"[0.05, 0.15, 0.95]",,
ruler,sliding_window_gpt-oss-20b,ruler_size50_pos0.05_0.15_0.95_fact3,1.0,6395.502003011643,3142,50,13.54,,3,0.95,,,,"[0.05, 0.15, 0.95]",,
ruler,sliding_window_gpt-oss-20b,ruler_size50_pos0.45_0.50_0.55_fact1,1.0,6553.6528779921355,3039,50,ID-88579,,1,0.45,,,,"[0.45, 0.5, 0.55]",,
ruler,sliding_window_gpt-oss-20b,ruler_size50_pos0.45_0.50_0.55_fact2,1.0,6449.400836994755,3039,50,67.89,,2,0.5,,,,"[0.45, 0.5, 0.55]",,
ruler,sliding_window_gpt-oss-20b,ruler_size50_pos0.45_0.50_0.55_fact3,1.0,6336.568294995232,3039,50,ID-90634,,3,0.55,,,,"[0.45, 0.5, 0.55]",,
ruler,parallel_window_gpt-oss-20b,ruler_size10_pos0.10_0.50_0.90_fact1,1.0,476.40829099691473,751,10,ID-82036,,1,0.1,,,,"[0.1, 0.5, 0.9]",,
ruler,parallel_window_gpt-oss-20b,ruler_size10_pos0.10_0.50_0.90_fact2,1.0,351.4005829929374,751,10,KEY-6703-BETA,,2,0.5,,,,"[0.1, 0.5, 0.9]",,
ruler,parallel_window_gpt-oss-20b,ruler_size10_pos0.10_0.50_0.90_fact3,1.0,1332.059375999961,751,10,KEY-4707-GAMMA,,3,0.9,,,,"[0.1, 0.5, 0.9]",,
ruler,parallel_window_gpt-oss-20b,ruler_size10_pos0.20_0.40_0.60_fact1,1.0,3332.453543000156,758,10,KEY-7178-GAMMA,,1,0.2,,,,"[0.2, 0.4, 0.6]",,
ruler,parallel_window_gpt-oss-20b,ruler_size10_pos0.20_0.40_0.60_fact2,1.0,2321.7030429950682,758,10,KEY-4985-BETA,,2,0.4,,,,"[0.2, 0.4, 0.6]",,
ruler,parallel_window_gpt-oss-20b,ruler_size10_pos0.20_0.40_0.60_fact3,1.0,1326.2430840113666,758,10,KEY-8548-GAMMA,,3,0.6,,,,"[0.2, 0.4, 0.6]",,
ruler,parallel_window_gpt-oss-20b,ruler_size10_pos0.05_0.15_0.95_fact1,1.0,2343.621000996791,737,10,KEY-6603-ALPHA,,1,0.05,,,,"[0.05, 0.15, 0.95]",,
ruler,parallel_window_gpt-oss-20b,ruler_size10_pos0.05_0.15_0.95_fact2,1.0,3406.0567100095795,737,10,23.60,,2,0.15,,,,"[0.05, 0.15, 0.95]",,
ruler,parallel_window_gpt-oss-20b,ruler_size10_pos0.05_0.15_0.95_fact3,1.0,2361.043791999691,737,10,KEY-6792-ALPHA,,3,0.95,,,,"[0.05, 0.15, 0.95]",,
ruler,parallel_window_gpt-oss-20b,ruler_size10_pos0.45_0.50_0.55_fact1,1.0,2351.8257929972606,707,10,64.78,,1,0.45,,,,"[0.45, 0.5, 0.55]",,
ruler,parallel_window_gpt-oss-20b,ruler_size10_pos0.45_0.50_0.55_fact2,1.0,3315.8064180024667,707,10,ID-80972,,2,0.5,,,,"[0.45, 0.5, 0.55]",,
ruler,parallel_window_gpt-oss-20b,ruler_size10_pos0.45_0.50_0.55_fact3,1.0,2458.156876004068,707,10,ID-73214,,3,0.55,,,,"[0.45, 0.5, 0.55]",,
ruler,parallel_window_gpt-oss-20b,ruler_size25_pos0.10_0.50_0.90_fact1,1.0,4354.935793991899,1586,25,KEY-5581-BETA,,1,0.1,,,,"[0.1, 0.5, 0.9]",,
ruler,parallel_window_gpt-oss-20b,ruler_size25_pos0.10_0.50_0.90_fact2,1.0,3426.2405850022333,1586,25,ID-84895,,2,0.5,,,,"[0.1, 0.5, 0.9]",,
ruler,parallel_window_gpt-oss-20b,ruler_size25_pos0.10_0.50_0.90_fact3,1.0,4325.025418002042,1586,25,ID-85483,,3,0.9,,,,"[0.1, 0.5, 0.9]",,
ruler,parallel_window_gpt-oss-20b,ruler_size25_pos0.20_0.40_0.60_fact1,1.0,3381.620460000704,1624,25,78.25,,1,0.2,,,,"[0.2, 0.4, 0.6]",,
ruler,parallel_window_gpt-oss-20b,ruler_size25_pos0.20_0.40_0.60_fact2,1.0,4405.298961006338,1624,25,74.83,,2,0.4,,,,"[0.2, 0.4, 0.6]",,
ruler,parallel_window_gpt-oss-20b,ruler_size25_pos0.20_0.40_0.60_fact3,1.0,3326.3209180004196,1624,25,69.22,,3,0.6,,,,"[0.2, 0.4, 0.6]",,
ruler,parallel_window_gpt-oss-20b,ruler_size25_pos0.05_0.15_0.95_fact1,1.0,4384.626668994315,1595,25,ID-62041,,1,0.05,,,,"[0.05, 0.15, 0.95]",,
ruler,parallel_window_gpt-oss-20b,ruler_size25_pos0.05_0.15_0.95_fact2,1.0,4476.6442099935375,1595,25,ID-22524,,2,0.15,,,,"[0.05, 0.15, 0.95]",,
ruler,parallel_window_gpt-oss-20b,ruler_size25_pos0.05_0.15_0.95_fact3,1.0,3308.7265020003542,1595,25,ID-72021,,3,0.95,,,,"[0.05, 0.15, 0.95]",,
ruler,parallel_window_gpt-oss-20b,ruler_size25_pos0.45_0.50_0.55_fact1,1.0,3316.9392100098776,1592,25,ID-49789,,1,0.45,,,,"[0.45, 0.5, 0.55]",,
ruler,parallel_window_gpt-oss-20b,ruler_size25_pos0.45_0.50_0.55_fact2,1.0,4321.3310430001,1592,25,ID-10012,,2,0.5,,,,"[0.45, 0.5, 0.55]",,
ruler,parallel_window_gpt-oss-20b,ruler_size25_pos0.45_0.50_0.55_fact3,1.0,4315.759585995693,1592,25,98.17,,3,0.55,,,,"[0.45, 0.5, 0.55]",,
ruler,parallel_window_gpt-oss-20b,ruler_size50_pos0.10_0.50_0.90_fact1,1.0,6457.862127994304,3018,50,ID-25985,,1,0.1,,,,"[0.1, 0.5, 0.9]",,
ruler,parallel_window_gpt-oss-20b,ruler_size50_pos0.10_0.50_0.90_fact2,1.0,5513.914295006543,3018,50,32.49,,2,0.5,,,,"[0.1, 0.5, 0.9]",,
ruler,parallel_window_gpt-oss-20b,ruler_size50_pos0.10_0.50_0.90_fact3,1.0,6483.4337110078195,3018,50,KEY-5049-GAMMA,,3,0.9,,,,"[0.1, 0.5, 0.9]",,
ruler,parallel_window_gpt-oss-20b,ruler_size50_pos0.20_0.40_0.60_fact1,1.0,6407.453670006362,3083,50,ID-93627,,1,0.2,,,,"[0.2, 0.4, 0.6]",,
ruler,parallel_window_gpt-oss-20b,ruler_size50_pos0.20_0.40_0.60_fact2,1.0,6426.827960996889,3083,50,49.93,,2,0.4,,,,"[0.2, 0.4, 0.6]",,
ruler,parallel_window_gpt-oss-20b,ruler_size50_pos0.20_0.40_0.60_fact3,1.0,295.46866699820384,3083,50,ID-12453,,3,0.6,,,,"[0.2, 0.4, 0.6]",,
ruler,parallel_window_gpt-oss-20b,ruler_size50_pos0.05_0.15_0.95_fact1,1.0,6397.992960992269,3055,50,KEY-6163-GAMMA,,1,0.05,,,,"[0.05, 0.15, 0.95]",,
ruler,parallel_window_gpt-oss-20b,ruler_size50_pos0.05_0.15_0.95_fact2,1.0,6456.931169013842,3055,50,KEY-7090-BETA,,2,0.15,,,,"[0.05, 0.15, 0.95]",,
ruler,parallel_window_gpt-oss-20b,ruler_size50_pos0.05_0.15_0.95_fact3,1.0,6419.352294993587,3055,50,56.92,,3,0.95,,,,"[0.05, 0.15, 0.95]",,
ruler,parallel_window_gpt-oss-20b,ruler_size50_pos0.45_0.50_0.55_fact1,1.0,6462.80246101378,3023,50,96.06,,1,0.45,,,,"[0.45, 0.5, 0.55]",,
ruler,parallel_window_gpt-oss-20b,ruler_size50_pos0.45_0.50_0.55_fact2,1.0,6422.908252992784,3023,50,52.33,,2,0.5,,,,"[0.45, 0.5, 0.55]",,
ruler,parallel_window_gpt-oss-20b,ruler_size50_pos0.45_0.50_0.55_fact3,1.0,6415.849961995264,3023,50,ID-62235,,3,0.55,,,,"[0.45, 0.5, 0.55]",,
ruler,semantic_compression_gpt-oss-20b,ruler_size10_pos0.10_0.50_0.90_fact1,0.0,5669.993128001806,735,10,53.54,,1,0.1,,,,"[0.1, 0.5, 0.9]",,
ruler,semantic_compression_gpt-oss-20b,ruler_size10_pos0.10_0.50_0.90_fact2,0.0,397.76125000207685,735,10,KEY-6706-ALPHA,,2,0.5,,,,"[0.1, 0.5, 0.9]",,
ruler,semantic_compression_gpt-oss-20b,ruler_size10_pos0.10_0.50_0.90_fact3,0.0,78.5325000033481,735,10,KEY-6644-GAMMA,,3,0.9,,,,"[0.1, 0.5, 0.9]",,
ruler,semantic_compression_gpt-oss-20b,ruler_size10_pos0.20_0.40_0.60_fact1,0.0,85.88062500348315,744,10,19.36,,1,0.2,,,,"[0.2, 0.4, 0.6]",,
ruler,semantic_compression_gpt-oss-20b,ruler_size10_pos0.20_0.40_0.60_fact2,0.0,86.29104199644644,744,10,ID-54993,,2,0.4,,,,"[0.2, 0.4, 0.6]",,
ruler,semantic_compression_gpt-oss-20b,ruler_size10_pos0.20_0.40_0.60_fact3,0.0,321.93058299890254,744,10,15.39,,3,0.6,,,,"[0.2, 0.4, 0.6]",,
ruler,semantic_compression_gpt-oss-20b,ruler_size10_pos0.05_0.15_0.95_fact1,0.0,100.13604200503323,758,10,KEY-4288-GAMMA,,1,0.05,,,,"[0.05, 0.15, 0.95]",,
ruler,semantic_compression_gpt-oss-20b,ruler_size10_pos0.05_0.15_0.95_fact2,0.0,85.95737499126699,758,10,35.06,,2,0.15,,,,"[0.05, 0.15, 0.95]",,
ruler,semantic_compression_gpt-oss-20b,ruler_size10_pos0.05_0.15_0.95_fact3,0.0,188.12620799872093,758,10,KEY-1136-ALPHA,,3,0.95,,,,"[0.05, 0.15, 0.95]",,
ruler,semantic_compression_gpt-oss-20b,ruler_size10_pos0.45_0.50_0.55_fact1,0.0,349.7663750022184,715,10,ID-75621,,1,0.45,,,,"[0.45, 0.5, 0.55]",,
ruler,semantic_compression_gpt-oss-20b,ruler_size10_pos0.45_0.50_0.55_fact2,0.0,76.36470800207462,715,10,KEY-1352-ALPHA,,2,0.5,,,,"[0.45, 0.5, 0.55]",,
ruler,semantic_compression_gpt-oss-20b,ruler_size10_pos0.45_0.50_0.55_fact3,0.0,175.865083001554,715,10,ID-79391,,3,0.55,,,,"[0.45, 0.5, 0.55]",,
ruler,semantic_compression_gpt-oss-20b,ruler_size25_pos0.10_0.50_0.90_fact1,0.0,76.676624987158,1612,25,91.67,,1,0.1,,,,"[0.1, 0.5, 0.9]",,
ruler,semantic_compression_gpt-oss-20b,ruler_size25_pos0.10_0.50_0.90_fact2,0.0,79.73483399837278,1612,25,ID-66369,,2,0.5,,,,"[0.1, 0.5, 0.9]",,
ruler,semantic_compression_gpt-oss-20b,ruler_size25_pos0.10_0.50_0.90_fact3,0.0,94.80649999750312,1612,25,ID-96013,,3,0.9,,,,"[0.1, 0.5, 0.9]",,
ruler,semantic_compression_gpt-oss-20b,ruler_size25_pos0.20_0.40_0.60_fact1,0.0,92.44224999565631,1615,25,ID-14224,,1,0.2,,,,"[0.2, 0.4, 0.6]",,
ruler,semantic_compression_gpt-oss-20b,ruler_size25_pos0.20_0.40_0.60_fact2,0.0,139.77370799693745,1615,25,KEY-1245-BETA,,2,0.4,,,,"[0.2, 0.4, 0.6]",,
ruler,semantic_compression_gpt-oss-20b,ruler_size25_pos0.20_0.40_0.60_fact3,0.0,106.87929099367466,1615,25,KEY-4646-GAMMA,,3,0.6,,,,"[0.2, 0.4, 0.6]",,
ruler,semantic_compression_gpt-oss-20b,ruler_size25_pos0.05_0.15_0.95_fact1,0.0,75.99812500120606,1574,25,ID-65372,,1,0.05,,,,"[0.05, 0.15, 0.95]",,
ruler,semantic_compression_gpt-oss-20b,ruler_size25_pos0.05_0.15_0.95_fact2,0.0,65.39970901212655,1574,25,KEY-1893-GAMMA,,2,0.15,,,,"[0.05, 0.15, 0.95]",,
ruler,semantic_compression_gpt-oss-20b,ruler_size25_pos0.05_0.15_0.95_fact3,0.0,81.22000099683646,1574,25,19.59,,3,0.95,,,,"[0.05, 0.15, 0.95]",,
ruler,semantic_compression_gpt-oss-20b,ruler_size25_pos0.45_0.50_0.55_fact1,0.0,157.5832919916138,1642,25,ID-36588,,1,0.45,,,,"[0.45, 0.5, 0.55]",,
ruler,semantic_compression_gpt-oss-20b,ruler_size25_pos0.45_0.50_0.55_fact2,0.0,74.44920799753163,1642,25,ID-91600,,2,0.5,,,,"[0.45, 0.5, 0.55]",,
ruler,semantic_compression_gpt-oss-20b,ruler_size25_pos0.45_0.50_0.55_fact3,0.0,85.35291699809022,1642,25,KEY-1200-BETA,,3,0.55,,,,"[0.45, 0.5, 0.55]",,
ruler,semantic_compression_gpt-oss-20b,ruler_size50_pos0.10_0.50_0.90_fact1,0.0,76.73449999128934,3091,50,16.94,,1,0.1,,,,"[0.1, 0.5, 0.9]",,
ruler,semantic_compression_gpt-oss-20b,ruler_size50_pos0.10_0.50_0.90_fact2,0.0,86.46095900621731,3091,50,ID-90649,,2,0.5,,,,"[0.1, 0.5, 0.9]",,
ruler,semantic_compression_gpt-oss-20b,ruler_size50_pos0.10_0.50_0.90_fact3,0.0,85.7688749965746,3091,50,KEY-7783-ALPHA,,3,0.9,,,,"[0.1, 0.5, 0.9]",,
ruler,semantic_compression_gpt-oss-20b,ruler_size50_pos0.20_0.40_0.60_fact1,0.0,157.68575000402052,3059,50,KEY-8921-GAMMA,,1,0.2,,,,"[0.2, 0.4, 0.6]",,
ruler,semantic_compression_gpt-oss-20b,ruler_size50_pos0.20_0.40_0.60_fact2,0.0,95.76358299818821,3059,50,40.99,,2,0.4,,,,"[0.2, 0.4, 0.6]",,
ruler,semantic_compression_gpt-oss-20b,ruler_size50_pos0.20_0.40_0.60_fact3,0.0,86.75345800293144,3059,50,KEY-3347-ALPHA,,3,0.6,,,,"[0.2, 0.4, 0.6]",,
ruler,semantic_compression_gpt-oss-20b,ruler_size50_pos0.05_0.15_0.95_fact1,0.0,76.96958399901632,3057,50,43.41,,1,0.05,,,,"[0.05, 0.15, 0.95]",,
ruler,semantic_compression_gpt-oss-20b,ruler_size50_pos0.05_0.15_0.95_fact2,0.0,99.54991699487437,3057,50,KEY-8987-ALPHA,,2,0.15,,,,"[0.05, 0.15, 0.95]",,
ruler,semantic_compression_gpt-oss-20b,ruler_size50_pos0.05_0.15_0.95_fact3,0.0,164.0447500103619,3057,50,ID-72303,,3,0.95,,,,"[0.05, 0.15, 0.95]",,
ruler,semantic_compression_gpt-oss-20b,ruler_size50_pos0.45_0.50_0.55_fact1,0.0,73.4593329980271,3064,50,KEY-1510-ALPHA,,1,0.45,,,,"[0.45, 0.5, 0.55]",,
ruler,semantic_compression_gpt-oss-20b,ruler_size50_pos0.45_0.50_0.55_fact2,0.0,91.81487599562388,3064,50,KEY-7459-GAMMA,,2,0.5,,,,"[0.45, 0.5, 0.55]",,
ruler,semantic_compression_gpt-oss-20b,ruler_size50_pos0.45_0.50_0.55_fact3,0.0,81.04829098738264,3064,50,KEY-7271-BETA,,3,0.55,,,,"[0.45, 0.5, 0.55]",,
ruler,rig_gpt-oss-20b,ruler_size10_pos0.10_0.50_0.90_fact1,0.0,304.01641700882465,737,10,3.18,,1,0.1,,,,"[0.1, 0.5, 0.9]",,
ruler,rig_gpt-oss-20b,ruler_size10_pos0.10_0.50_0.90_fact2,0.0,144.5551670040004,737,10,63.84,,2,0.5,,,,"[0.1, 0.5, 0.9]",,
ruler,rig_gpt-oss-20b,ruler_size10_pos0.10_0.50_0.90_fact3,0.0,137.85008400736842,737,10,KEY-3224-ALPHA,,3,0.9,,,,"[0.1, 0.5, 0.9]",,
ruler,rig_gpt-oss-20b,ruler_size10_pos0.20_0.40_0.60_fact1,0.0,202.8276250057388,741,10,KEY-4878-GAMMA,,1,0.2,,,,"[0.2, 0.4, 0.6]",,
ruler,rig_gpt-oss-20b,ruler_size10_pos0.20_0.40_0.60_fact2,0.0,232.51762498694006,741,10,35.52,,2,0.4,,,,"[0.2, 0.4, 0.6]",,
ruler,rig_gpt-oss-20b,ruler_size10_pos0.20_0.40_0.60_fact3,0.0,258.6891250102781,741,10,74.46,,3,0.6,,,,"[0.2, 0.4, 0.6]",,
ruler,rig_gpt-oss-20b,ruler_size10_pos0.05_0.15_0.95_fact1,0.0,194.23466599255335,752,10,70.74,,1,0.05,,,,"[0.05, 0.15, 0.95]",,
ruler,rig_gpt-oss-20b,ruler_size10_pos0.05_0.15_0.95_fact2,0.0,133.93287500366569,752,10,KEY-1864-BETA,,2,0.15,,,,"[0.05, 0.15, 0.95]",,
ruler,rig_gpt-oss-20b,ruler_size10_pos0.05_0.15_0.95_fact3,0.0,232.9914580041077,752,10,100.01,,3,0.95,,,,"[0.05, 0.15, 0.95]",,
ruler,rig_gpt-oss-20b,ruler_size10_pos0.45_0.50_0.55_fact1,0.0,192.05241699819453,729,10,ID-96025,,1,0.45,,,,"[0.45, 0.5, 0.55]",,
ruler,rig_gpt-oss-20b,ruler_size10_pos0.45_0.50_0.55_fact2,0.0,142.7051669888897,729,10,KEY-1447-BETA,,2,0.5,,,,"[0.45, 0.5, 0.55]",,
ruler,rig_gpt-oss-20b,ruler_size10_pos0.45_0.50_0.55_fact3,0.0,195.40829199831933,729,10,KEY-2351-ALPHA,,3,0.55,,,,"[0.45, 0.5, 0.55]",,
ruler,rig_gpt-oss-20b,ruler_size25_pos0.10_0.50_0.90_fact1,0.0,136.10383399645798,1683,25,KEY-8802-BETA,,1,0.1,,,,"[0.1, 0.5, 0.9]",,
ruler,rig_gpt-oss-20b,ruler_size25_pos0.10_0.50_0.90_fact2,0.0,127.90554099774454,1683,25,KEY-9724-ALPHA,,2,0.5,,,,"[0.1, 0.5, 0.9]",,
ruler,rig_gpt-oss-20b,ruler_size25_pos0.10_0.50_0.90_fact3,0.0,451.09354201122187,1683,25,KEY-7390-BETA,,3,0.9,,,,"[0.1, 0.5, 0.9]",,
ruler,rig_gpt-oss-20b,ruler_size25_pos0.20_0.40_0.60_fact1,0.0,198.49908399919514,1569,25,ID-91185,,1,0.2,,,,"[0.2, 0.4, 0.6]",,
ruler,rig_gpt-oss-20b,ruler_size25_pos0.20_0.40_0.60_fact2,0.0,164.126750009018,1569,25,ID-17455,,2,0.4,,,,"[0.2, 0.4, 0.6]",,
ruler,rig_gpt-oss-20b,ruler_size25_pos0.20_0.40_0.60_fact3,0.0,145.12400000239722,1569,25,85.27,,3,0.6,,,,"[0.2, 0.4, 0.6]",,
ruler,rig_gpt-oss-20b,ruler_size25_pos0.05_0.15_0.95_fact1,0.0,135.91304200235754,1642,25,83.13,,1,0.05,,,,"[0.05, 0.15, 0.95]",,
ruler,rig_gpt-oss-20b,ruler_size25_pos0.05_0.15_0.95_fact2,0.0,304.0597500075819,1642,25,KEY-5243-ALPHA,,2,0.15,,,,"[0.05, 0.15, 0.95]",,
ruler,rig_gpt-oss-20b,ruler_size25_pos0.05_0.15_0.95_fact3,0.0,579.0056670084596,1642,25,ID-19557,,3,0.95,,,,"[0.05, 0.15, 0.95]",,
ruler,rig_gpt-oss-20b,ruler_size25_pos0.45_0.50_0.55_fact1,0.0,157.89908298756927,1585,25,6.49,,1,0.45,,,,"[0.45, 0.5, 0.55]",,
ruler,rig_gpt-oss-20b,ruler_size25_pos0.45_0.50_0.55_fact2,0.0,211.25925000524148,1585,25,25.38,,2,0.5,,,,"[0.45, 0.5, 0.55]",,
ruler,rig_gpt-oss-20b,ruler_size25_pos0.45_0.50_0.55_fact3,0.0,310.7270000036806,1585,25,50.13,,3,0.55,,,,"[0.45, 0.5, 0.55]",,
ruler,rig_gpt-oss-20b,ruler_size50_pos0.10_0.50_0.90_fact1,0.0,239.27966700284742,3132,50,KEY-2322-ALPHA,,1,0.1,,,,"[0.1, 0.5, 0.9]",,
ruler,rig_gpt-oss-20b,ruler_size50_pos0.10_0.50_0.90_fact2,0.0,173.3118749980349,3132,50,ID-33516,,2,0.5,,,,"[0.1, 0.5, 0.9]",,
ruler,rig_gpt-oss-20b,ruler_size50_pos0.10_0.50_0.90_fact3,0.0,139.26795800216496,3132,50,ID-95426,,3,0.9,,,,"[0.1, 0.5, 0.9]",,
ruler,rig_gpt-oss-20b,ruler_size50_pos0.20_0.40_0.60_fact1,0.0,185.89733399858233,3064,50,59.22,,1,0.2,,,,"[0.2, 0.4, 0.6]",,
ruler,rig_gpt-oss-20b,ruler_size50_pos0.20_0.40_0.60_fact2,0.0,178.38791699614376,3064,50,KEY-7119-ALPHA,,2,0.4,,,,"[0.2, 0.4, 0.6]",,
ruler,rig_gpt-oss-20b,ruler_size50_pos0.20_0.40_0.60_fact3,0.0,164.9829590023728,3064,50,KEY-4181-GAMMA,,3,0.6,,,,"[0.2, 0.4, 0.6]",,
ruler,rig_gpt-oss-20b,ruler_size50_pos0.05_0.15_0.95_fact1,0.0,182.59079100971576,3042,50,ID-48874,,1,0.05,,,,"[0.05, 0.15, 0.95]",,
ruler,rig_gpt-oss-20b,ruler_size50_pos0.05_0.15_0.95_fact2,0.0,157.8819169953931,3042,50,KEY-5420-GAMMA,,2,0.15,,,,"[0.05, 0.15, 0.95]",,
ruler,rig_gpt-oss-20b,ruler_size50_pos0.05_0.15_0.95_fact3,0.0,142.9591670021182,3042,50,70.73,,3,0.95,,,,"[0.05, 0.15, 0.95]",,
ruler,rig_gpt-oss-20b,ruler_size50_pos0.45_0.50_0.55_fact1,0.0,233.75641700113192,3043,50,ID-50172,,1,0.45,,,,"[0.45, 0.5, 0.55]",,
ruler,rig_gpt-oss-20b,ruler_size50_pos0.45_0.50_0.55_fact2,0.0,234.39808300463483,3043,50,ID-44079,,2,0.5,,,,"[0.45, 0.5, 0.55]",,
ruler,rig_gpt-oss-20b,ruler_size50_pos0.45_0.50_0.55_fact3,0.0,248.9215840032557,3043,50,ID-73470,,3,0.55,,,,"[0.45, 0.5, 0.55]",,
longbench,raw_gpt-oss-120b,longbench_multidoc_qa_1,0.0,684.3184580066008,2217,,23%,,,,3,,,,Relatório Trimestral de Vendas,multi_doc_qa
longbench,raw_gpt-oss-120b,longbench_multidoc_qa_2,1.0,362.4142920016311,2217,,5555,,,,3,,,,Manual de Procedimentos de Segurança,multi_doc_qa
longbench,raw_gpt-oss-120b,longbench_multidoc_qa_3,0.0,124.72387500747573,2217,,Sudeste,,,,3,,,,Relatório Trimestral de Vendas,multi_doc_qa
longbench,raw_gpt-oss-120b,longbench_multidoc_qa_4,0.0,49.56233300617896,2217,,ARM Cortex-M4,,,,3,,,,Especificação Técnica do Produto XYZ-500,multi_doc_qa
longbench,raw_gpt-oss-120b,longbench_multidoc_qa_5,0.0,48.11787500511855,2217,,15 de abril às 10h,,,,3,,,,Manual de Procedimentos de Segurança,multi_doc_qa
longbench,raw_gpt-oss-120b,longbench_summarization_1,0.0,56.66916699556168,1015,,inteligência artificial setores desafios ética,"['inteligência artificial', 'setores', 'desafios', 'ética']",,,,,,,,summarization
longbench,sliding_window_gpt-oss-120b,longbench_multidoc_qa_1,0.0,97.49837500567082,2217,,24 meses,,,,3,,,,Especificação Técnica do Produto XYZ-500,multi_doc_qa
longbench,sliding_window_gpt-oss-120b,longbench_multidoc_qa_2,0.0,149.57916700222995,2217,,Sudeste,,,,3,,,,Relatório Trimestral de Vendas,multi_doc_qa
longbench,sliding_window_gpt-oss-120b,longbench_multidoc_qa_3,0.0,46.66500000166707,2217,,5555,,,,3,,,,Manual de Procedimentos de Segurança,multi_doc_qa
longbench,sliding_window_gpt-oss-120b,longbench_multidoc_qa_4,0.0,40.765166995697655,2217,,nível 3,,,,3,,,,Manual de Procedimentos de Segurança,multi_doc_qa
longbench,sliding_window_gpt-oss-120b,longbench_multidoc_qa_5,0.0,46.10145899641793,2217,,23%,,,,3,,,,Relatório Trimestral de Vendas,multi_doc_qa
longbench,sliding_window_gpt-oss-120b,longbench_summarization_1,0.0,44.01820900966413,1015,,inteligência artificial setores desafios ética,"['inteligência artificial', 'setores', 'desafios', 'ética']",,,,,,,,summarization
longbench,parallel_window_gpt-oss-120b,longbench_multidoc_qa_1,0.0,108.23820799123496,2217,,nível 3,,,,3,,,,Manual de Procedimentos de Segurança,multi_doc_qa
longbench,parallel_window_gpt-oss-120b,longbench_multidoc_qa_2,0.0,532.9325000056997,2217,,24 meses,,,,3,,,,Especificação Técnica do Produto XYZ-500,multi_doc_qa
longbench,parallel_window_gpt-oss-120b,longbench_multidoc_qa_3,0.0,66.95274999947287,2217,,5555,,,,3,,,,Manual de Procedimentos de Segurança,multi_doc_qa
longbench,parallel_window_gpt-oss-120b,longbench_multidoc_qa_4,0.0,40.26533299474977,2217,,ARM Cortex-M4,,,,3,,,,Especificação Técnica do Produto XYZ-500,multi_doc_qa
longbench,parallel_window_gpt-oss-120b,longbench_multidoc_qa_5,0.0,161.027334004757,2217,,23%,,,,3,,,,Relatório Trimestral de Vendas,multi_doc_qa
longbench,parallel_window_gpt-oss-120b,longbench_summarization_1,0.0,43.051208995166235,1015,,inteligência artificial setores desafios ética,"['inteligência artificial', 'setores', 'desafios', 'ética']",,,,,,,,summarization
longbench,semantic_compression_gpt-oss-120b,longbench_multidoc_qa_1,0.0,1067.2885419917293,2217,,24 meses,,,,3,,,,Especificação Técnica do Produto XYZ-500,multi_doc_qa
longbench,semantic_compression_gpt-oss-120b,longbench_multidoc_qa_2,0.0,84.57329199882224,2217,,ARM Cortex-M4,,,,3,,,,Especificação Técnica do Produto XYZ-500,multi_doc_qa
longbench,semantic_compression_gpt-oss-120b,longbench_multidoc_qa_3,0.0,93.33104199322406,2217,,Sudeste,,,,3,,,,Relatório Trimestral de Vendas,multi_doc_qa
longbench,semantic_compression_gpt-oss-120b,longbench_multidoc_qa_4,0.0,93.08391698868945,2217,,nível 3,,,,3,,,,Manual de Procedimentos de Segurança,multi_doc_qa
longbench,semantic_compression_gpt-oss-120b,longbench_multidoc_qa_5,0.0,294.12645898992196,2217,,5555,,,,3,,,,Manual de Procedimentos de Segurança,multi_doc_qa
longbench,semantic_compression_gpt-oss-120b,longbench_summarization_1,0.0,83.67308400920592,1015,,inteligência artificial setores desafios ética,"['inteligência artificial', 'setores', 'desafios', 'ética']",,,,,,,,summarization
longbench,rig_gpt-oss-120b,longbench_multidoc_qa_1,0.0,412.79458299686667,2217,,R$ 15 milhões,,,,3,,,,Relatório Trimestral de Vendas,multi_doc_qa
longbench,rig_gpt-oss-120b,longbench_multidoc_qa_2,0.0,177.43495799368247,2217,,ARM Cortex-M4,,,,3,,,,Especificação Técnica do Produto XYZ-500,multi_doc_qa
longbench,rig_gpt-oss-120b,longbench_multidoc_qa_3,0.0,451.43025000288617,2217,,24 meses,,,,3,,,,Especificação Técnica do Produto XYZ-500,multi_doc_qa
longbench,rig_gpt-oss-120b,longbench_multidoc_qa_4,0.0,187.71058399579488,2217,,64,,,,3,,,,Especificação Técnica do Produto XYZ-500,multi_doc_qa
longbench,rig_gpt-oss-120b,longbench_multidoc_qa_5,0.0,204.48220800608397,2217,,Sudeste,,,,3,,,,Relatório Trimestral de Vendas,multi_doc_qa
longbench,rig_gpt-oss-120b,longbench_summarization_1,0.0,158.1660420051776,1015,,inteligência artificial setores desafios ética,"['inteligência artificial', 'setores', 'desafios', 'ética']",,,,,,,,summarization
longbench,raw_gpt-oss-20b,longbench_multidoc_qa_1,0.0,130.33749999885913,2217,,Sudeste,,,,3,,,,Relatório Trimestral de Vendas,multi_doc_qa
longbench,raw_gpt-oss-20b,longbench_multidoc_qa_2,0.0,35.968042007880285,2217,,24 meses,,,,3,,,,Especificação Técnica do Produto XYZ-500,multi_doc_qa
longbench,raw_gpt-oss-20b,longbench_multidoc_qa_3,0.0,108.75929199391976,2217,,nível 3,,,,3,,,,Manual de Procedimentos de Segurança,multi_doc_qa
longbench,raw_gpt-oss-20b,longbench_multidoc_qa_4,0.0,579.2027920106193,2217,,23%,,,,3,,,,Relatório Trimestral de Vendas,multi_doc_qa
longbench,raw_gpt-oss-20b,longbench_multidoc_qa_5,0.0,79.26012499956414,2217,,R$ 15 milhões,,,,3,,,,Relatório Trimestral de Vendas,multi_doc_qa
longbench,raw_gpt-oss-20b,longbench_summarization_1,0.0,35.81537499849219,1015,,inteligência artificial setores desafios ética,"['inteligência artificial', 'setores', 'desafios', 'ética']",,,,,,,,summarization
longbench,sliding_window_gpt-oss-20b,longbench_multidoc_qa_1,0.0,115.40525101008825,2217,,23%,,,,3,,,,Relatório Trimestral de Vendas,multi_doc_qa
longbench,sliding_window_gpt-oss-20b,longbench_multidoc_qa_2,0.0,41.76149998966139,2217,,64,,,,3,,,,Especificação Técnica do Produto XYZ-500,multi_doc_qa
longbench,sliding_window_gpt-oss-20b,longbench_multidoc_qa_3,0.0,39.35208299662918,2217,,5555,,,,3,,,,Manual de Procedimentos de Segurança,multi_doc_qa
longbench,sliding_window_gpt-oss-20b,longbench_multidoc_qa_4,0.0,44.209500003489666,2217,,24 meses,,,,3,,,,Especificação Técnica do Produto XYZ-500,multi_doc_qa
longbench,sliding_window_gpt-oss-20b,longbench_multidoc_qa_5,0.0,115.68720800278243,2217,,nível 3,,,,3,,,,Manual de Procedimentos de Segurança,multi_doc_qa
longbench,sliding_window_gpt-oss-20b,longbench_summarization_1,0.0,60.217332997126505,1015,,inteligência artificial setores desafios ética,"['inteligência artificial', 'setores', 'desafios', 'ética']",,,,,,,,summarization
longbench,parallel_window_gpt-oss-20b,longbench_multidoc_qa_1,0.0,108.40337499394082,2217,,15 de abril às 10h,,,,3,,,,Manual de Procedimentos de Segurança,multi_doc_qa
longbench,parallel_window_gpt-oss-20b,longbench_multidoc_qa_2,0.0,54.84720900130924,2217,,nível 3,,,,3,,,,Manual de Procedimentos de Segurança,multi_doc_qa
longbench,parallel_window_gpt-oss-20b,longbench_multidoc_qa_3,0.0,41.3599999883445,2217,,24 meses,,,,3,,,,Especificação Técnica do Produto XYZ-500,multi_doc_qa
longbench,parallel_window_gpt-oss-20b,longbench_multidoc_qa_4,0.0,38.053083000704646,2217,,23%,,,,3,,,,Relatório Trimestral de Vendas,multi_doc_qa
longbench,parallel_window_gpt-oss-20b,longbench_multidoc_qa_5,0.0,1398.3212090097368,2217,,ARM Cortex-M4,,,,3,,,,Especificação Técnica do Produto XYZ-500,multi_doc_qa
longbench,parallel_window_gpt-oss-20b,longbench_summarization_1,0.0,63.99141700239852,1015,,inteligência artificial setores desafios ética,"['inteligência artificial', 'setores', 'desafios', 'ética']",,,,,,,,summarization
longbench,semantic_compression_gpt-oss-20b,longbench_multidoc_qa_1,0.0,188.366041998961,2217,,5555,,,,3,,,,Manual de Procedimentos de Segurança,multi_doc_qa
longbench,semantic_compression_gpt-oss-20b,longbench_multidoc_qa_2,0.0,177.47708399838302,2217,,Sudeste,,,,3,,,,Relatório Trimestral de Vendas,multi_doc_qa
longbench,semantic_compression_gpt-oss-20b,longbench_multidoc_qa_3,0.0,115.5283749976661,2217,,ARM Cortex-M4,,,,3,,,,Especificação Técnica do Produto XYZ-500,multi_doc_qa
longbench,semantic_compression_gpt-oss-20b,longbench_multidoc_qa_4,0.0,86.80991599976551,2217,,64,,,,3,,,,Especificação Técnica do Produto XYZ-500,multi_doc_qa
longbench,semantic_compression_gpt-oss-20b,longbench_multidoc_qa_5,0.0,76.23162498930469,2217,,23%,,,,3,,,,Relatório Trimestral de Vendas,multi_doc_qa
longbench,semantic_compression_gpt-oss-20b,longbench_summarization_1,0.0,1068.9043759921333,1015,,inteligência artificial setores desafios ética,"['inteligência artificial', 'setores', 'desafios', 'ética']",,,,,,,,summarization
longbench,rig_gpt-oss-20b,longbench_multidoc_qa_1,0.0,262.88562499394175,2217,,64,,,,3,,,,Especificação Técnica do Produto XYZ-500,multi_doc_qa
longbench,rig_gpt-oss-20b,longbench_multidoc_qa_2,0.0,1038.0049590021372,2217,,15 de abril às 10h,,,,3,,,,Manual de Procedimentos de Segurança,multi_doc_qa
longbench,rig_gpt-oss-20b,longbench_multidoc_qa_3,0.0,328.2573750038864,2217,,Sudeste,,,,3,,,,Relatório Trimestral de Vendas,multi_doc_qa
longbench,rig_gpt-oss-20b,longbench_multidoc_qa_4,0.0,169.8631250037579,2217,,R$ 15 milhões,,,,3,,,,Relatório Trimestral de Vendas,multi_doc_qa
longbench,rig_gpt-oss-20b,longbench_multidoc_qa_5,0.0,146.74574999662582,2217,,24 meses,,,,3,,,,Especificação Técnica do Produto XYZ-500,multi_doc_qa
longbench,rig_gpt-oss-20b,longbench_summarization_1,0.0,470.6677909998689,1015,,inteligência artificial setores desafios ética,"['inteligência artificial', 'setores', 'desafios', 'ética']",,,,,,,,summarization
